2020-08-27 04:13:57, 0.000
2020-08-27 04:14:12, 0.000
2020-08-27 04:14:27, 0.000
2020-08-27 04:14:42, 0.000
2020-08-27 04:14:57, 0.000
2020-08-27 04:15:12, 0.000
2020-08-27 04:15:27, 0.000
2020-08-27 04:15:42, 0.000
2020-08-27 04:15:57, 0.000
2020-08-27 04:16:12, 0.000
2020-08-27 04:16:27, 0.000
2020-08-27 04:16:42, 0.000
2020-08-27 04:16:57, 0.000
2020-08-27 04:17:12, 0.000
2020-08-27 04:17:27, 0.000
2020-08-27 04:17:42, 0.000
2020-08-27 04:17:57, 0.000
2020-08-27 04:18:12, 0.000
2020-08-27 04:18:27, 0.000
2020-08-27 04:18:42, 0.000
2020-08-27 04:18:57, 0.000
2020-08-27 04:19:12, 0.000
2020-08-27 04:19:27, 0.000
2020-08-27 04:19:42, 0.000
2020-08-27 04:19:57, 0.000
2020-08-27 04:20:12, 0.000
2020-08-27 04:20:27, 0.000
2020-08-27 04:20:42, 0.000
2020-08-27 04:20:57, 0.000
2020-08-27 04:21:12, 0.000
2020-08-27 04:21:27, 0.000
2020-08-27 04:21:42, 0.000
2020-08-27 04:21:57, 0.000
2020-08-27 04:22:12, 0.000
2020-08-27 04:22:27, 0.000
2020-08-27 04:22:42, 0.000
2020-08-27 04:22:57, 0.000
2020-08-27 04:23:12, 0.000
2020-08-27 04:23:27, 0.000
2020-08-27 04:23:42, 0.000
2020-08-27 04:23:57, 0.000
2020-08-27 04:24:12, 0.000
2020-08-27 04:24:27, 0.000
2020-08-27 04:24:42, 0.000
2020-08-27 04:24:57, 0.000
2020-08-27 04:25:12, 0.000
2020-08-27 04:25:27, 0.000
2020-08-27 04:25:42, 0.000
2020-08-27 04:25:57, 0.000
2020-08-27 04:26:12, 0.000
2020-08-27 04:26:27, 0.000
2020-08-27 04:26:42, 0.000
2020-08-27 04:26:57, 0.000
2020-08-27 04:27:12, 0.000
2020-08-27 04:27:27, 0.000
2020-08-27 04:27:42, 0.000
2020-08-27 04:27:57, 0.000
2020-08-27 04:28:12, 0.000
2020-08-27 04:28:27, 0.000
2020-08-27 04:28:42, 0.000
2020-08-27 04:28:57, 0.000
2020-08-27 04:29:12, 0.000
2020-08-27 04:29:27, 0.000
2020-08-27 04:29:42, 0.000
2020-08-27 04:29:57, 0.000
2020-08-27 04:30:12, 0.000
2020-08-27 04:30:27, 0.000
2020-08-27 04:30:42, 0.000
2020-08-27 04:30:57, 0.000
2020-08-27 04:31:12, 0.000
2020-08-27 04:31:27, 0.000
2020-08-27 04:31:42, 0.000
2020-08-27 04:31:57, 0.000
2020-08-27 04:32:12, 0.000
2020-08-27 04:32:27, 0.000
2020-08-27 04:32:42, 0.000
2020-08-27 04:32:57, 0.000
2020-08-27 04:33:12, 0.000
2020-08-27 04:33:27, 0.000
2020-08-27 04:33:42, 0.000
2020-08-27 04:33:57, 0.000
2020-08-27 04:34:12, 0.000
2020-08-27 04:34:27, 0.000
2020-08-27 04:34:42, 0.000
2020-08-27 04:34:57, 0.000
2020-08-27 04:35:12, 0.000
2020-08-27 04:35:27, 0.000
2020-08-27 04:35:42, 0.000
2020-08-27 04:35:57, 0.000
2020-08-27 04:36:12, 0.000
2020-08-27 04:36:27, 0.000
2020-08-27 04:36:42, 0.000
2020-08-27 04:36:57, 0.000
2020-08-27 04:37:12, 0.000
2020-08-27 04:37:27, 0.000
2020-08-27 04:37:42, 0.000
2020-08-27 04:37:57, 0.000
2020-08-27 04:38:12, 0.000
2020-08-27 04:38:27, 0.000
2020-08-27 04:38:42, 0.000
2020-08-27 04:38:57, 0.000
2020-08-27 04:39:12, 0.000
2020-08-27 04:39:27, 0.000
2020-08-27 04:39:42, 0.000
2020-08-27 04:39:57, 0.000
2020-08-27 04:40:12, 0.000
2020-08-27 04:40:27, 0.000
2020-08-27 04:40:42, 0.000
2020-08-27 04:40:57, 0.000
2020-08-27 04:41:12, 0.000
2020-08-27 04:41:27, 0.000
2020-08-27 04:41:42, 0.000
2020-08-27 04:41:57, 0.011
2020-08-27 04:42:12, 0.117
2020-08-27 04:42:27, 0.302
2020-08-27 04:42:42, 0.502
2020-08-27 04:42:57, 0.703
2020-08-27 04:43:12, 0.902
2020-08-27 04:43:27, 1.103
2020-08-27 04:43:42, 1.301
2020-08-27 04:43:57, 1.484
2020-08-27 04:44:12, 1.677
2020-08-27 04:44:27, 1.877
2020-08-27 04:44:42, 2.076
2020-08-27 04:44:57, 2.260
2020-08-27 04:45:12, 2.451
2020-08-27 04:45:27, 2.651
2020-08-27 04:45:42, 2.884
2020-08-27 04:45:57, 3.134
2020-08-27 04:46:12, 3.399
2020-08-27 04:46:27, 3.674
2020-08-27 04:46:42, 3.949
2020-08-27 04:46:57, 4.238
2020-08-27 04:47:12, 4.538
2020-08-27 04:47:27, 4.838
2020-08-27 04:47:42, 5.125
2020-08-27 04:47:57, 5.400
2020-08-27 04:48:12, 5.675
2020-08-27 04:48:27, 5.950
2020-08-27 04:48:42, 6.236
2020-08-27 04:48:57, 6.556
2020-08-27 04:49:12, 6.956
2020-08-27 04:49:27, 7.441
2020-08-27 04:49:42, 7.941
2020-08-27 04:49:57, 8.441
2020-08-27 04:50:12, 8.958
2020-08-27 04:50:27, 9.508
2020-08-27 04:50:42, 10.057
2020-08-27 04:50:57, 10.607
2020-08-27 04:51:12, 11.158
2020-08-27 04:51:27, 11.701
2020-08-27 04:51:42, 12.227
2020-08-27 04:51:57, 12.741
2020-08-27 04:52:12, 13.153
2020-08-27 04:52:27, 13.469
2020-08-27 04:52:42, 13.769
2020-08-27 04:52:57, 14.064
2020-08-27 04:53:12, 14.341
2020-08-27 04:53:27, 14.616
2020-08-27 04:53:42, 14.888
2020-08-27 04:53:57, 15.158
2020-08-27 04:54:12, 15.415
2020-08-27 04:54:27, 15.661
2020-08-27 04:54:42, 15.890
2020-08-27 04:54:57, 16.131
2020-08-27 04:55:12, 16.365
2020-08-27 04:55:27, 16.586
2020-08-27 04:55:42, 16.758
2020-08-27 04:55:57, 16.907
2020-08-27 04:56:12, 17.040
2020-08-27 04:56:27, 17.144
2020-08-27 04:56:42, 17.244
2020-08-27 04:56:57, 17.330
2020-08-27 04:57:12, 17.403
2020-08-27 04:57:27, 17.458
2020-08-27 04:57:42, 17.522
2020-08-27 04:57:57, 17.597
2020-08-27 04:58:12, 17.671
2020-08-27 04:58:27, 17.727
2020-08-27 04:58:42, 17.767
2020-08-27 04:58:57, 17.771
2020-08-27 04:59:12, 17.696
2020-08-27 04:59:27, 17.536
2020-08-27 04:59:42, 17.345
2020-08-27 04:59:57, 17.145
2020-08-27 05:00:12, 16.928
2020-08-27 05:00:27, 16.678
2020-08-27 05:00:42, 16.428
2020-08-27 05:00:57, 16.163
2020-08-27 05:01:12, 15.888
2020-08-27 05:01:27, 15.620
2020-08-27 05:01:42, 15.369
2020-08-27 05:01:57, 15.119
2020-08-27 05:02:12, 14.862
2020-08-27 05:02:27, 14.611
2020-08-27 05:02:42, 14.361
2020-08-27 05:02:57, 14.116
2020-08-27 05:03:12, 13.889
2020-08-27 05:03:27, 13.664
2020-08-27 05:03:42, 13.443
2020-08-27 05:03:57, 13.241
2020-08-27 05:04:12, 13.031
2020-08-27 05:04:27, 12.810
2020-08-27 05:04:42, 12.607
2020-08-27 05:04:57, 12.407
2020-08-27 05:05:12, 12.207
2020-08-27 05:05:27, 12.010
2020-08-27 05:05:42, 11.831
2020-08-27 05:05:57, 11.656
2020-08-27 05:06:12, 11.483
2020-08-27 05:06:27, 11.329
2020-08-27 05:06:42, 11.179
2020-08-27 05:06:57, 11.029
2020-08-27 05:07:12, 10.881
2020-08-27 05:07:27, 10.751
2020-08-27 05:07:42, 10.626
2020-08-27 05:07:57, 10.501
2020-08-27 05:08:12, 10.377
2020-08-27 05:08:27, 10.270
2020-08-27 05:08:42, 10.170
2020-08-27 05:08:57, 10.070
2020-08-27 05:09:12, 9.969
2020-08-27 05:09:27, 9.866
2020-08-27 05:09:42, 9.779
2020-08-27 05:09:57, 9.699
2020-08-27 05:10:12, 9.618
2020-08-27 05:10:27, 9.536
2020-08-27 05:10:42, 9.453
2020-08-27 05:10:57, 9.383
2020-08-27 05:11:12, 9.322
2020-08-27 05:11:27, 9.260
2020-08-27 05:11:42, 9.197
2020-08-27 05:11:57, 9.133
2020-08-27 05:12:12, 9.080
2020-08-27 05:12:27, 9.039
2020-08-27 05:12:42, 8.996
2020-08-27 05:12:57, 8.952
2020-08-27 05:13:12, 8.906
2020-08-27 05:13:27, 8.860
2020-08-27 05:13:42, 8.812
2020-08-27 05:13:57, 8.763
2020-08-27 05:14:12, 8.723
2020-08-27 05:14:27, 8.698
2020-08-27 05:14:42, 8.673
2020-08-27 05:14:57, 8.648
2020-08-27 05:15:12, 8.623
2020-08-27 05:15:27, 8.598
2020-08-27 05:15:42, 8.573
2020-08-27 05:15:57, 8.548
2020-08-27 05:16:12, 8.513
2020-08-27 05:16:27, 8.463
2020-08-27 05:16:42, 8.413
2020-08-27 05:16:57, 8.363
2020-08-27 05:17:12, 8.313
2020-08-27 05:17:27, 8.271
2020-08-27 05:17:42, 8.246
2020-08-27 05:17:57, 8.221
2020-08-27 05:18:12, 8.196
2020-08-27 05:18:27, 8.185
2020-08-27 05:18:42, 8.214
2020-08-27 05:18:57, 8.263
2020-08-27 05:19:12, 8.314
2020-08-27 05:19:27, 8.366
2020-08-27 05:19:42, 8.425
2020-08-27 05:19:57, 8.508
2020-08-27 05:20:12, 8.613
2020-08-27 05:20:27, 8.725
2020-08-27 05:20:42, 8.860
2020-08-27 05:20:57, 9.021
2020-08-27 05:21:12, 9.200
2020-08-27 05:21:27, 9.365
2020-08-27 05:21:42, 9.528
2020-08-27 05:21:57, 9.692
2020-08-27 05:22:12, 9.864
2020-08-27 05:22:27, 10.080
2020-08-27 05:22:42, 10.341
2020-08-27 05:22:57, 10.610
2020-08-27 05:23:12, 10.883
2020-08-27 05:23:27, 11.173
2020-08-27 05:23:42, 11.450
2020-08-27 05:23:57, 11.724
2020-08-27 05:24:12, 11.999
2020-08-27 05:24:27, 12.273
2020-08-27 05:24:42, 12.533
2020-08-27 05:24:57, 12.841
2020-08-27 05:25:12, 13.205
2020-08-27 05:25:27, 13.598
2020-08-27 05:25:42, 13.998
2020-08-27 05:25:57, 14.381
2020-08-27 05:26:12, 14.784
2020-08-27 05:26:27, 15.226
2020-08-27 05:26:42, 15.659
2020-08-27 05:26:57, 16.084
2020-08-27 05:27:12, 16.509
2020-08-27 05:27:27, 16.910
2020-08-27 05:27:42, 17.286
2020-08-27 05:27:57, 17.646
2020-08-27 05:28:12, 17.996
2020-08-27 05:28:27, 18.332
2020-08-27 05:28:42, 18.615
2020-08-27 05:28:57, 18.866
2020-08-27 05:29:12, 19.116
2020-08-27 05:29:27, 19.353
2020-08-27 05:29:42, 19.573
2020-08-27 05:29:57, 19.770
2020-08-27 05:30:12, 19.935
2020-08-27 05:30:27, 20.080
2020-08-27 05:30:42, 20.204
2020-08-27 05:30:57, 20.292
2020-08-27 05:31:12, 20.348
2020-08-27 05:31:27, 20.421
2020-08-27 05:31:42, 20.487
2020-08-27 05:31:57, 20.538
2020-08-27 05:32:12, 20.581
2020-08-27 05:32:27, 20.582
2020-08-27 05:32:42, 20.532
2020-08-27 05:32:57, 20.457
2020-08-27 05:33:12, 20.380
2020-08-27 05:33:27, 20.281
2020-08-27 05:33:42, 20.177
2020-08-27 05:33:57, 20.077
2020-08-27 05:34:12, 19.977
2020-08-27 05:34:27, 19.873
2020-08-27 05:34:42, 19.765
2020-08-27 05:34:57, 19.606
2020-08-27 05:35:12, 19.392
2020-08-27 05:35:27, 19.149
2020-08-27 05:35:42, 18.896
2020-08-27 05:35:57, 18.640
2020-08-27 05:36:12, 18.372
2020-08-27 05:36:27, 18.080
2020-08-27 05:36:42, 17.794
2020-08-27 05:36:57, 17.497
2020-08-27 05:37:12, 17.197
2020-08-27 05:37:27, 16.913
2020-08-27 05:37:42, 16.638
2020-08-27 05:37:57, 16.375
2020-08-27 05:38:12, 16.104
2020-08-27 05:38:27, 15.829
2020-08-27 05:38:42, 15.568
2020-08-27 05:38:57, 15.318
2020-08-27 05:39:12, 15.068
2020-08-27 05:39:27, 14.829
2020-08-27 05:39:42, 14.585
2020-08-27 05:39:57, 14.335
2020-08-27 05:40:12, 14.097
2020-08-27 05:40:27, 13.872
2020-08-27 05:40:42, 13.647
2020-08-27 05:40:57, 13.432
2020-08-27 05:41:12, 13.232
2020-08-27 05:41:27, 13.031
2020-08-27 05:41:42, 12.824
2020-08-27 05:41:57, 12.623
2020-08-27 05:42:12, 12.423
2020-08-27 05:42:27, 12.223
2020-08-27 05:42:42, 12.031
2020-08-27 05:42:57, 11.855
2020-08-27 05:43:12, 11.666
2020-08-27 05:43:27, 11.485
2020-08-27 05:43:42, 11.348
2020-08-27 05:43:57, 11.249
2020-08-27 05:44:12, 11.174
2020-08-27 05:44:27, 11.139
2020-08-27 05:44:42, 11.151
2020-08-27 05:44:57, 11.151
2020-08-27 05:45:12, 11.151
2020-08-27 05:45:27, 11.151
2020-08-27 05:45:42, 11.175
2020-08-27 05:45:57, 11.248
2020-08-27 05:46:12, 11.322
2020-08-27 05:46:27, 11.398
2020-08-27 05:46:42, 11.476
2020-08-27 05:46:57, 11.590
2020-08-27 05:47:12, 11.739
2020-08-27 05:47:27, 11.882
2020-08-27 05:47:42, 12.008
2020-08-27 05:47:57, 12.135
2020-08-27 05:48:12, 12.281
2020-08-27 05:48:27, 12.425
2020-08-27 05:48:42, 12.551
2020-08-27 05:48:57, 12.676
2020-08-27 05:49:12, 12.801
2020-08-27 05:49:27, 12.922
2020-08-27 05:49:42, 13.043
2020-08-27 05:49:57, 13.186
2020-08-27 05:50:12, 13.399
2020-08-27 05:50:27, 13.609
2020-08-27 05:50:42, 13.850
2020-08-27 05:50:57, 14.078
2020-08-27 05:51:12, 14.303
2020-08-27 05:51:27, 14.528
2020-08-27 05:51:42, 14.769
2020-08-27 05:51:57, 15.019
2020-08-27 05:52:12, 15.269
2020-08-27 05:52:27, 15.517
2020-08-27 05:52:42, 15.746
2020-08-27 05:52:57, 15.971
2020-08-27 05:53:12, 16.208
2020-08-27 05:53:27, 16.425
2020-08-27 05:53:42, 16.612
2020-08-27 05:53:57, 16.760
2020-08-27 05:54:12, 16.885
2020-08-27 05:54:27, 16.975
2020-08-27 05:54:42, 17.038
2020-08-27 05:54:57, 17.137
2020-08-27 05:55:12, 17.329
2020-08-27 05:55:27, 17.589
2020-08-27 05:55:42, 17.843
2020-08-27 05:55:57, 18.051
2020-08-27 05:56:12, 18.251
2020-08-27 05:56:27, 18.468
2020-08-27 05:56:42, 18.692
2020-08-27 05:56:57, 18.883
2020-08-27 05:57:12, 19.034
2020-08-27 05:57:27, 19.206
2020-08-27 05:57:42, 19.406
2020-08-27 05:57:57, 19.621
2020-08-27 05:58:12, 19.846
2020-08-27 05:58:27, 20.064
2020-08-27 05:58:42, 20.288
2020-08-27 05:58:57, 20.512
2020-08-27 05:59:12, 20.725
2020-08-27 05:59:27, 20.930
2020-08-27 05:59:42, 21.153
2020-08-27 05:59:57, 21.360
2020-08-27 06:00:12, 21.497
2020-08-27 06:00:27, 21.637
2020-08-27 06:00:42, 21.746
2020-08-27 06:00:57, 21.868
2020-08-27 06:01:12, 21.984
2020-08-27 06:01:27, 22.084
2020-08-27 06:01:42, 22.175
2020-08-27 06:01:57, 22.259
2020-08-27 06:02:12, 22.358
2020-08-27 06:02:27, 22.453
2020-08-27 06:02:42, 22.550
2020-08-27 06:02:57, 22.650
2020-08-27 06:03:12, 22.752
2020-08-27 06:03:27, 22.878
2020-08-27 06:03:42, 23.021
2020-08-27 06:03:57, 23.147
2020-08-27 06:04:12, 23.272
2020-08-27 06:04:27, 23.402
2020-08-27 06:04:42, 23.544
2020-08-27 06:04:57, 23.651
2020-08-27 06:05:12, 23.694
2020-08-27 06:05:27, 23.739
2020-08-27 06:05:42, 23.856
2020-08-27 06:05:57, 24.121
2020-08-27 06:06:12, 24.462
2020-08-27 06:06:27, 24.793
2020-08-27 06:06:42, 25.099
2020-08-27 06:06:57, 25.438
2020-08-27 06:07:12, 25.785
2020-08-27 06:07:27, 26.099
2020-08-27 06:07:42, 26.399
2020-08-27 06:07:57, 26.682
2020-08-27 06:08:12, 26.945
2020-08-27 06:08:27, 27.318
2020-08-27 06:08:42, 27.845
2020-08-27 06:08:57, 28.473
2020-08-27 06:09:12, 29.118
2020-08-27 06:09:27, 29.788
2020-08-27 06:09:42, 30.481
2020-08-27 06:09:57, 31.163
2020-08-27 06:10:12, 31.855
2020-08-27 06:10:27, 32.537
2020-08-27 06:10:42, 33.194
2020-08-27 06:10:57, 33.826
2020-08-27 06:11:12, 34.444
2020-08-27 06:11:27, 35.053
2020-08-27 06:11:42, 35.661
2020-08-27 06:11:57, 36.262
2020-08-27 06:12:12, 36.822
2020-08-27 06:12:27, 37.380
2020-08-27 06:12:42, 37.969
2020-08-27 06:12:57, 38.569
2020-08-27 06:13:12, 39.156
2020-08-27 06:13:27, 39.725
2020-08-27 06:13:42, 40.295
2020-08-27 06:13:57, 40.882
2020-08-27 06:14:12, 41.468
2020-08-27 06:14:27, 42.063
2020-08-27 06:14:42, 42.633
2020-08-27 06:14:57, 43.191
2020-08-27 06:15:12, 43.706
2020-08-27 06:15:27, 44.151
2020-08-27 06:15:42, 44.509
2020-08-27 06:15:57, 44.728
2020-08-27 06:16:12, 44.879
2020-08-27 06:16:27, 45.048
2020-08-27 06:16:42, 45.208
2020-08-27 06:16:57, 45.337
2020-08-27 06:17:12, 45.464
2020-08-27 06:17:27, 45.603
2020-08-27 06:17:42, 45.728
2020-08-27 06:17:57, 45.862
2020-08-27 06:18:12, 46.023
2020-08-27 06:18:27, 46.081
2020-08-27 06:18:42, 46.004
2020-08-27 06:18:57, 45.894
2020-08-27 06:19:12, 45.782
2020-08-27 06:19:27, 45.634
2020-08-27 06:19:42, 45.443
2020-08-27 06:19:57, 45.256
2020-08-27 06:20:12, 45.045
2020-08-27 06:20:27, 44.861
2020-08-27 06:20:42, 44.700
2020-08-27 06:20:57, 44.545
2020-08-27 06:21:12, 44.412
2020-08-27 06:21:27, 44.303
2020-08-27 06:21:42, 44.201
2020-08-27 06:21:57, 44.095
2020-08-27 06:22:12, 44.010
2020-08-27 06:22:27, 43.942
2020-08-27 06:22:42, 43.922
2020-08-27 06:22:57, 43.956
2020-08-27 06:23:12, 44.001
2020-08-27 06:23:27, 44.069
2020-08-27 06:23:42, 44.111
2020-08-27 06:23:57, 44.149
2020-08-27 06:24:12, 44.212
2020-08-27 06:24:27, 44.358
2020-08-27 06:24:42, 44.562
2020-08-27 06:24:57, 44.779
2020-08-27 06:25:12, 44.986
2020-08-27 06:25:27, 45.168
2020-08-27 06:25:42, 45.324
2020-08-27 06:25:57, 45.467
2020-08-27 06:26:12, 45.599
2020-08-27 06:26:27, 45.692
2020-08-27 06:26:42, 45.801
2020-08-27 06:26:57, 45.970
2020-08-27 06:27:12, 46.155
2020-08-27 06:27:27, 46.322
2020-08-27 06:27:42, 46.483
2020-08-27 06:27:57, 46.626
2020-08-27 06:28:12, 46.752
2020-08-27 06:28:27, 46.870
2020-08-27 06:28:42, 46.971
2020-08-27 06:28:57, 46.991
2020-08-27 06:29:12, 46.996
2020-08-27 06:29:27, 47.013
2020-08-27 06:29:42, 47.027
2020-08-27 06:29:57, 47.031
2020-08-27 06:30:12, 47.050
2020-08-27 06:30:27, 47.043
2020-08-27 06:30:42, 47.013
2020-08-27 06:30:57, 46.977
2020-08-27 06:31:12, 46.928
2020-08-27 06:31:27, 46.877
2020-08-27 06:31:42, 46.830
2020-08-27 06:31:57, 46.802
2020-08-27 06:32:12, 46.784
2020-08-27 06:32:27, 46.776
2020-08-27 06:32:42, 46.701
2020-08-27 06:32:57, 46.536
2020-08-27 06:33:12, 46.350
2020-08-27 06:33:27, 46.161
2020-08-27 06:33:42, 46.073
2020-08-27 06:33:57, 45.992
2020-08-27 06:34:12, 45.869
2020-08-27 06:34:27, 45.644
2020-08-27 06:34:42, 45.358
2020-08-27 06:34:57, 45.095
2020-08-27 06:35:12, 44.837
2020-08-27 06:35:27, 44.590
2020-08-27 06:35:42, 44.409
2020-08-27 06:35:57, 44.300
2020-08-27 06:36:12, 44.254
2020-08-27 06:36:27, 44.286
2020-08-27 06:36:42, 44.338
2020-08-27 06:36:57, 44.362
2020-08-27 06:37:12, 44.363
2020-08-27 06:37:27, 44.441
2020-08-27 06:37:42, 44.555
2020-08-27 06:37:57, 44.678
2020-08-27 06:38:12, 44.782
2020-08-27 06:38:27, 44.873
2020-08-27 06:38:42, 44.953
2020-08-27 06:38:57, 45.022
2020-08-27 06:39:12, 45.116
2020-08-27 06:39:27, 45.228
2020-08-27 06:39:42, 45.398
2020-08-27 06:39:57, 45.598
2020-08-27 06:40:12, 45.780
2020-08-27 06:40:27, 45.964
2020-08-27 06:40:42, 46.173
2020-08-27 06:40:57, 46.389
2020-08-27 06:41:12, 46.614
2020-08-27 06:41:27, 46.840
2020-08-27 06:41:42, 47.139
2020-08-27 06:41:57, 47.474
2020-08-27 06:42:12, 47.777
2020-08-27 06:42:27, 48.053
2020-08-27 06:42:42, 48.320
2020-08-27 06:42:57, 48.587
2020-08-27 06:43:12, 48.880
2020-08-27 06:43:27, 49.163
2020-08-27 06:43:42, 49.334
2020-08-27 06:43:57, 49.513
2020-08-27 06:44:12, 49.724
2020-08-27 06:44:27, 49.918
2020-08-27 06:44:42, 50.102
2020-08-27 06:44:57, 50.258
2020-08-27 06:45:12, 50.425
2020-08-27 06:45:27, 50.582
2020-08-27 06:45:42, 50.673
2020-08-27 06:45:57, 50.690
2020-08-27 06:46:12, 50.637
2020-08-27 06:46:27, 50.514
2020-08-27 06:46:42, 50.355
2020-08-27 06:46:57, 50.192
2020-08-27 06:47:12, 50.117
2020-08-27 06:47:27, 50.021
2020-08-27 06:47:42, 49.903
2020-08-27 06:47:57, 49.797
2020-08-27 06:48:12, 49.695
2020-08-27 06:48:27, 49.612
2020-08-27 06:48:42, 49.529
2020-08-27 06:48:57, 49.443
2020-08-27 06:49:12, 49.321
2020-08-27 06:49:27, 49.176
2020-08-27 06:49:42, 49.017
2020-08-27 06:49:57, 48.874
2020-08-27 06:50:12, 48.783
2020-08-27 06:50:27, 48.686
2020-08-27 06:50:42, 48.586
2020-08-27 06:50:57, 48.506
2020-08-27 06:51:12, 48.450
2020-08-27 06:51:27, 48.375
2020-08-27 06:51:42, 48.203
2020-08-27 06:51:57, 47.969
2020-08-27 06:52:12, 47.738
2020-08-27 06:52:27, 47.512
2020-08-27 06:52:42, 47.278
2020-08-27 06:52:57, 47.047
2020-08-27 06:53:12, 46.807
2020-08-27 06:53:27, 46.549
2020-08-27 06:53:42, 46.291
2020-08-27 06:53:57, 45.998
2020-08-27 06:54:12, 45.684
2020-08-27 06:54:27, 45.378
2020-08-27 06:54:42, 45.087
2020-08-27 06:54:57, 44.794
2020-08-27 06:55:12, 44.486
2020-08-27 06:55:27, 44.194
2020-08-27 06:55:42, 43.911
2020-08-27 06:55:57, 43.628
2020-08-27 06:56:12, 43.352
2020-08-27 06:56:27, 43.085
2020-08-27 06:56:42, 42.826
2020-08-27 06:56:57, 42.546
2020-08-27 06:57:12, 42.171
2020-08-27 06:57:27, 41.741
2020-08-27 06:57:42, 41.309
2020-08-27 06:57:57, 40.853
2020-08-27 06:58:12, 40.402
2020-08-27 06:58:27, 39.945
2020-08-27 06:58:42, 39.498
2020-08-27 06:58:57, 39.065
2020-08-27 06:59:12, 38.643
2020-08-27 06:59:27, 38.227
2020-08-27 06:59:42, 37.775
2020-08-27 06:59:57, 37.294
2020-08-27 07:00:12, 36.768
2020-08-27 07:00:27, 36.241
2020-08-27 07:00:42, 35.707
2020-08-27 07:00:57, 35.154
2020-08-27 07:01:12, 34.578
2020-08-27 07:01:27, 34.002
2020-08-27 07:01:42, 33.451
2020-08-27 07:01:57, 32.917
2020-08-27 07:02:12, 32.389
2020-08-27 07:02:27, 31.860
2020-08-27 07:02:42, 31.332
2020-08-27 07:02:57, 30.828
2020-08-27 07:03:12, 30.324
2020-08-27 07:03:27, 29.821
2020-08-27 07:03:42, 29.341
2020-08-27 07:03:57, 28.880
2020-08-27 07:04:12, 28.408
2020-08-27 07:04:27, 27.951
2020-08-27 07:04:42, 27.498
2020-08-27 07:04:57, 27.043
2020-08-27 07:05:12, 26.610
2020-08-27 07:05:27, 26.182
2020-08-27 07:05:42, 25.752
2020-08-27 07:05:57, 25.343
2020-08-27 07:06:12, 24.941
2020-08-27 07:06:27, 24.520
2020-08-27 07:06:42, 24.110
2020-08-27 07:06:57, 23.710
2020-08-27 07:07:12, 23.322
2020-08-27 07:07:27, 22.941
2020-08-27 07:07:42, 22.566
2020-08-27 07:07:57, 22.203
2020-08-27 07:08:12, 21.834
2020-08-27 07:08:27, 21.471
2020-08-27 07:08:42, 21.121
2020-08-27 07:08:57, 20.782
2020-08-27 07:09:12, 20.439
2020-08-27 07:09:27, 20.099
2020-08-27 07:09:42, 19.774
2020-08-27 07:09:57, 19.449
2020-08-27 07:10:12, 19.117
2020-08-27 07:10:27, 18.792
2020-08-27 07:10:42, 18.475
2020-08-27 07:10:57, 18.175
2020-08-27 07:11:12, 17.882
2020-08-27 07:11:27, 17.607
2020-08-27 07:11:42, 17.407
2020-08-27 07:11:57, 17.264
2020-08-27 07:12:12, 17.124
2020-08-27 07:12:27, 16.980
2020-08-27 07:12:42, 16.854
2020-08-27 07:12:57, 16.717
2020-08-27 07:13:12, 16.572
2020-08-27 07:13:27, 16.445
2020-08-27 07:13:42, 16.320
2020-08-27 07:13:57, 16.189
2020-08-27 07:14:12, 16.072
2020-08-27 07:14:27, 15.992
2020-08-27 07:14:42, 15.996
2020-08-27 07:14:57, 16.093
2020-08-27 07:15:12, 16.202
2020-08-27 07:15:27, 16.330
2020-08-27 07:15:42, 16.477
2020-08-27 07:15:57, 16.619
2020-08-27 07:16:12, 16.747
2020-08-27 07:16:27, 16.892
2020-08-27 07:16:42, 17.036
2020-08-27 07:16:57, 17.168
2020-08-27 07:17:12, 17.324
2020-08-27 07:17:27, 17.518
2020-08-27 07:17:42, 17.713
2020-08-27 07:17:57, 17.895
2020-08-27 07:18:12, 18.122
2020-08-27 07:18:27, 18.394
2020-08-27 07:18:42, 18.674
2020-08-27 07:18:57, 18.972
2020-08-27 07:19:12, 19.290
2020-08-27 07:19:27, 19.626
2020-08-27 07:19:42, 20.017
2020-08-27 07:19:57, 20.415
2020-08-27 07:20:12, 20.809
2020-08-27 07:20:27, 21.206
2020-08-27 07:20:42, 21.585
2020-08-27 07:20:57, 21.960
2020-08-27 07:21:12, 22.335
2020-08-27 07:21:27, 22.712
2020-08-27 07:21:42, 23.032
2020-08-27 07:21:57, 23.306
2020-08-27 07:22:12, 23.574
2020-08-27 07:22:27, 23.848
2020-08-27 07:22:42, 24.103
2020-08-27 07:22:57, 24.366
2020-08-27 07:23:12, 24.640
2020-08-27 07:23:27, 24.899
2020-08-27 07:23:42, 25.203
2020-08-27 07:23:57, 25.539
2020-08-27 07:24:12, 25.861
2020-08-27 07:24:27, 26.140
2020-08-27 07:24:42, 26.323
2020-08-27 07:24:57, 26.423
2020-08-27 07:25:12, 26.498
2020-08-27 07:25:27, 26.548
2020-08-27 07:25:42, 26.598
2020-08-27 07:25:57, 26.642
2020-08-27 07:26:12, 26.706
2020-08-27 07:26:27, 26.795
2020-08-27 07:26:42, 26.902
2020-08-27 07:26:57, 27.020
2020-08-27 07:27:12, 27.101
2020-08-27 07:27:27, 27.165
2020-08-27 07:27:42, 27.246
2020-08-27 07:27:57, 27.386
2020-08-27 07:28:12, 27.564
2020-08-27 07:28:27, 27.728
2020-08-27 07:28:42, 27.899
2020-08-27 07:28:57, 28.061
2020-08-27 07:29:12, 28.226
2020-08-27 07:29:27, 28.365
2020-08-27 07:29:42, 28.441
2020-08-27 07:29:57, 28.485
2020-08-27 07:30:12, 28.532
2020-08-27 07:30:27, 28.578
2020-08-27 07:30:42, 28.625
2020-08-27 07:30:57, 28.675
2020-08-27 07:31:12, 28.718
2020-08-27 07:31:27, 28.742
2020-08-27 07:31:42, 28.741
2020-08-27 07:31:57, 28.718
2020-08-27 07:32:12, 28.708
2020-08-27 07:32:27, 28.686
2020-08-27 07:32:42, 28.675
2020-08-27 07:32:57, 28.657
2020-08-27 07:33:12, 28.656
2020-08-27 07:33:27, 28.672
2020-08-27 07:33:42, 28.638
2020-08-27 07:33:57, 28.566
2020-08-27 07:34:12, 28.509
2020-08-27 07:34:27, 28.466
2020-08-27 07:34:42, 28.477
2020-08-27 07:34:57, 28.508
2020-08-27 07:35:12, 28.593
2020-08-27 07:35:27, 28.696
2020-08-27 07:35:42, 28.817
2020-08-27 07:35:57, 28.957
2020-08-27 07:36:12, 29.093
2020-08-27 07:36:27, 29.224
2020-08-27 07:36:42, 29.348
2020-08-27 07:36:57, 29.453
2020-08-27 07:37:12, 29.566
2020-08-27 07:37:27, 29.677
2020-08-27 07:37:42, 29.758
2020-08-27 07:37:57, 29.787
2020-08-27 07:38:12, 29.750
2020-08-27 07:38:27, 29.690
2020-08-27 07:38:42, 29.651
2020-08-27 07:38:57, 29.615
2020-08-27 07:39:12, 29.558
2020-08-27 07:39:27, 29.541
2020-08-27 07:39:42, 29.566
2020-08-27 07:39:57, 29.624
2020-08-27 07:40:12, 29.683
2020-08-27 07:40:27, 29.741
2020-08-27 07:40:42, 29.800
2020-08-27 07:40:57, 29.850
2020-08-27 07:41:12, 29.907
2020-08-27 07:41:27, 29.981
2020-08-27 07:41:42, 30.062
2020-08-27 07:41:57, 30.148
2020-08-27 07:42:12, 30.253
2020-08-27 07:42:27, 30.390
2020-08-27 07:42:42, 30.520
2020-08-27 07:42:57, 30.652
2020-08-27 07:43:12, 30.754
2020-08-27 07:43:27, 30.844
2020-08-27 07:43:42, 30.923
2020-08-27 07:43:57, 31.030
2020-08-27 07:44:12, 31.164
2020-08-27 07:44:27, 31.316
2020-08-27 07:44:42, 31.473
2020-08-27 07:44:57, 31.657
2020-08-27 07:45:12, 31.789
2020-08-27 07:45:27, 31.904
2020-08-27 07:45:42, 31.984
2020-08-27 07:45:57, 32.052
2020-08-27 07:46:12, 32.102
2020-08-27 07:46:27, 32.132
2020-08-27 07:46:42, 32.152
2020-08-27 07:46:57, 32.173
2020-08-27 07:47:12, 32.193
2020-08-27 07:47:27, 32.196
2020-08-27 07:47:42, 32.210
2020-08-27 07:47:57, 32.212
2020-08-27 07:48:12, 32.208
2020-08-27 07:48:27, 32.184
2020-08-27 07:48:42, 32.120
2020-08-27 07:48:57, 32.023
2020-08-27 07:49:12, 31.936
2020-08-27 07:49:27, 31.806
2020-08-27 07:49:42, 31.637
2020-08-27 07:49:57, 31.441
2020-08-27 07:50:12, 31.257
2020-08-27 07:50:27, 31.079
2020-08-27 07:50:42, 30.898
2020-08-27 07:50:57, 30.722
2020-08-27 07:51:12, 30.527
2020-08-27 07:51:27, 30.327
2020-08-27 07:51:42, 30.125
2020-08-27 07:51:57, 29.919
2020-08-27 07:52:12, 29.693
2020-08-27 07:52:27, 29.436
2020-08-27 07:52:42, 29.186
2020-08-27 07:52:57, 28.946
2020-08-27 07:53:12, 28.703
2020-08-27 07:53:27, 28.463
2020-08-27 07:53:42, 28.238
2020-08-27 07:53:57, 27.987
2020-08-27 07:54:12, 27.704
2020-08-27 07:54:27, 27.395
2020-08-27 07:54:42, 27.029
2020-08-27 07:54:57, 26.613
2020-08-27 07:55:12, 26.212
2020-08-27 07:55:27, 25.805
2020-08-27 07:55:42, 25.404
2020-08-27 07:55:57, 25.011
2020-08-27 07:56:12, 24.622
2020-08-27 07:56:27, 24.222
2020-08-27 07:56:42, 23.828
2020-08-27 07:56:57, 23.440
2020-08-27 07:57:12, 23.045
2020-08-27 07:57:27, 22.668
2020-08-27 07:57:42, 22.298
2020-08-27 07:57:57, 21.937
2020-08-27 07:58:12, 21.566
2020-08-27 07:58:27, 21.213
2020-08-27 07:58:42, 20.867
2020-08-27 07:58:57, 20.530
2020-08-27 07:59:12, 20.184
2020-08-27 07:59:27, 19.856
2020-08-27 07:59:42, 19.534
2020-08-27 07:59:57, 19.237
2020-08-27 08:00:12, 18.962
2020-08-27 08:00:27, 18.696
2020-08-27 08:00:42, 18.474
2020-08-27 08:00:57, 18.286
2020-08-27 08:01:12, 18.154
2020-08-27 08:01:27, 18.029
2020-08-27 08:01:42, 17.911
2020-08-27 08:01:57, 17.829
2020-08-27 08:02:12, 17.755
2020-08-27 08:02:27, 17.699
2020-08-27 08:02:42, 17.649
2020-08-27 08:02:57, 17.604
2020-08-27 08:03:12, 17.598
2020-08-27 08:03:27, 17.636
2020-08-27 08:03:42, 17.750
2020-08-27 08:03:57, 17.894
2020-08-27 08:04:12, 18.066
2020-08-27 08:04:27, 18.238
2020-08-27 08:04:42, 18.407
2020-08-27 08:04:57, 18.582
2020-08-27 08:05:12, 18.755
2020-08-27 08:05:27, 18.933
2020-08-27 08:05:42, 19.189
2020-08-27 08:05:57, 19.464
2020-08-27 08:06:12, 19.754
2020-08-27 08:06:27, 20.074
2020-08-27 08:06:42, 20.401
2020-08-27 08:06:57, 20.776
2020-08-27 08:07:12, 21.179
2020-08-27 08:07:27, 21.636
2020-08-27 08:07:42, 22.112
2020-08-27 08:07:57, 22.633
2020-08-27 08:08:12, 23.201
2020-08-27 08:08:27, 23.776
2020-08-27 08:08:42, 24.351
2020-08-27 08:08:57, 24.969
2020-08-27 08:09:12, 25.652
2020-08-27 08:09:27, 26.417
2020-08-27 08:09:42, 27.202
2020-08-27 08:09:57, 27.969
2020-08-27 08:10:12, 28.720
2020-08-27 08:10:27, 29.478
2020-08-27 08:10:42, 30.278
2020-08-27 08:10:57, 31.119
2020-08-27 08:11:12, 31.959
2020-08-27 08:11:27, 32.876
2020-08-27 08:11:42, 33.833
2020-08-27 08:11:57, 34.782
2020-08-27 08:12:12, 35.781
2020-08-27 08:12:27, 36.794
2020-08-27 08:12:42, 37.816
2020-08-27 08:12:57, 38.872
2020-08-27 08:13:12, 39.910
2020-08-27 08:13:27, 40.887
2020-08-27 08:13:42, 41.765
2020-08-27 08:13:57, 42.621
2020-08-27 08:14:12, 43.508
2020-08-27 08:14:27, 44.451
2020-08-27 08:14:42, 45.397
2020-08-27 08:14:57, 46.347
2020-08-27 08:15:12, 47.307
2020-08-27 08:15:27, 48.323
2020-08-27 08:15:42, 49.353
2020-08-27 08:15:57, 50.395
2020-08-27 08:16:12, 51.413
2020-08-27 08:16:27, 52.388
2020-08-27 08:16:42, 53.343
2020-08-27 08:16:57, 54.283
2020-08-27 08:17:12, 55.223
2020-08-27 08:17:27, 56.089
2020-08-27 08:17:42, 56.910
2020-08-27 08:17:57, 57.681
2020-08-27 08:18:12, 58.432
2020-08-27 08:18:27, 59.155
2020-08-27 08:18:42, 59.851
2020-08-27 08:18:57, 60.481
2020-08-27 08:19:12, 61.100
2020-08-27 08:19:27, 61.697
2020-08-27 08:19:42, 62.264
2020-08-27 08:19:57, 62.814
2020-08-27 08:20:12, 63.324
2020-08-27 08:20:27, 63.830
2020-08-27 08:20:42, 64.273
2020-08-27 08:20:57, 64.645
2020-08-27 08:21:12, 64.962
2020-08-27 08:21:27, 65.193
2020-08-27 08:21:42, 65.363
2020-08-27 08:21:57, 65.536
2020-08-27 08:22:12, 65.699
2020-08-27 08:22:27, 65.841
2020-08-27 08:22:42, 65.950
2020-08-27 08:22:57, 65.999
2020-08-27 08:23:12, 66.069
2020-08-27 08:23:27, 66.180
2020-08-27 08:23:42, 66.332
2020-08-27 08:23:57, 66.530
2020-08-27 08:24:12, 66.679
2020-08-27 08:24:27, 66.748
2020-08-27 08:24:42, 66.807
2020-08-27 08:24:57, 66.902
2020-08-27 08:25:12, 67.050
2020-08-27 08:25:27, 67.201
2020-08-27 08:25:42, 67.275
2020-08-27 08:25:57, 67.295
2020-08-27 08:26:12, 67.312
2020-08-27 08:26:27, 67.329
2020-08-27 08:26:42, 67.359
2020-08-27 08:26:57, 67.439
2020-08-27 08:27:12, 67.547
2020-08-27 08:27:27, 67.662
2020-08-27 08:27:42, 67.803
2020-08-27 08:27:57, 67.947
2020-08-27 08:28:12, 68.078
2020-08-27 08:28:27, 68.230
2020-08-27 08:28:42, 68.417
2020-08-27 08:28:57, 68.655
2020-08-27 08:29:12, 68.843
2020-08-27 08:29:27, 68.964
2020-08-27 08:29:42, 69.129
2020-08-27 08:29:57, 69.382
2020-08-27 08:30:12, 69.730
2020-08-27 08:30:27, 70.035
2020-08-27 08:30:42, 70.335
2020-08-27 08:30:57, 70.643
2020-08-27 08:31:12, 71.017
2020-08-27 08:31:27, 71.488
2020-08-27 08:31:42, 71.970
2020-08-27 08:31:57, 72.397
2020-08-27 08:32:12, 72.752
2020-08-27 08:32:27, 73.095
2020-08-27 08:32:42, 73.537
2020-08-27 08:32:57, 74.022
2020-08-27 08:33:12, 74.456
2020-08-27 08:33:27, 74.831
2020-08-27 08:33:42, 75.162
2020-08-27 08:33:57, 75.427
2020-08-27 08:34:12, 75.662
2020-08-27 08:34:27, 76.000
2020-08-27 08:34:42, 76.425
2020-08-27 08:34:57, 76.786
2020-08-27 08:35:12, 77.057
2020-08-27 08:35:27, 77.252
2020-08-27 08:35:42, 77.397
2020-08-27 08:35:57, 77.538
2020-08-27 08:36:12, 77.682
2020-08-27 08:36:27, 77.843
2020-08-27 08:36:42, 77.984
2020-08-27 08:36:57, 78.033
2020-08-27 08:37:12, 78.051
2020-08-27 08:37:27, 78.107
2020-08-27 08:37:42, 78.148
2020-08-27 08:37:57, 78.180
2020-08-27 08:38:12, 78.204
2020-08-27 08:38:27, 78.212
2020-08-27 08:38:42, 78.203
2020-08-27 08:38:57, 78.195
2020-08-27 08:39:12, 78.236
2020-08-27 08:39:27, 78.319
2020-08-27 08:39:42, 78.362
2020-08-27 08:39:57, 78.334
2020-08-27 08:40:12, 78.236
2020-08-27 08:40:27, 78.145
2020-08-27 08:40:42, 78.059
2020-08-27 08:40:57, 77.951
2020-08-27 08:41:12, 77.759
2020-08-27 08:41:27, 77.451
2020-08-27 08:41:42, 77.137
2020-08-27 08:41:57, 76.841
2020-08-27 08:42:12, 76.549
2020-08-27 08:42:27, 76.299
2020-08-27 08:42:42, 75.990
2020-08-27 08:42:57, 75.677
2020-08-27 08:43:12, 75.422
2020-08-27 08:43:27, 75.186
2020-08-27 08:43:42, 74.963
2020-08-27 08:43:57, 74.758
2020-08-27 08:44:12, 74.556
2020-08-27 08:44:27, 74.268
2020-08-27 08:44:42, 73.924
2020-08-27 08:44:57, 73.595
2020-08-27 08:45:12, 73.293
2020-08-27 08:45:27, 73.011
2020-08-27 08:45:42, 72.770
2020-08-27 08:45:57, 72.584
2020-08-27 08:46:12, 72.399
2020-08-27 08:46:27, 72.196
2020-08-27 08:46:42, 71.999
2020-08-27 08:46:57, 71.836
2020-08-27 08:47:12, 71.637
2020-08-27 08:47:27, 71.391
2020-08-27 08:47:42, 71.133
2020-08-27 08:47:57, 70.874
2020-08-27 08:48:12, 70.602
2020-08-27 08:48:27, 70.341
2020-08-27 08:48:42, 70.063
2020-08-27 08:48:57, 69.733
2020-08-27 08:49:12, 69.394
2020-08-27 08:49:27, 69.025
2020-08-27 08:49:42, 68.642
2020-08-27 08:49:57, 68.248
2020-08-27 08:50:12, 67.882
2020-08-27 08:50:27, 67.532
2020-08-27 08:50:42, 67.228
2020-08-27 08:50:57, 66.933
2020-08-27 08:51:12, 66.651
2020-08-27 08:51:27, 66.388
2020-08-27 08:51:42, 66.117
2020-08-27 08:51:57, 65.846
2020-08-27 08:52:12, 65.582
2020-08-27 08:52:27, 65.378
2020-08-27 08:52:42, 65.189
2020-08-27 08:52:57, 64.965
2020-08-27 08:53:12, 64.683
2020-08-27 08:53:27, 64.417
2020-08-27 08:53:42, 64.151
2020-08-27 08:53:57, 63.868
2020-08-27 08:54:12, 63.584
2020-08-27 08:54:27, 63.285
2020-08-27 08:54:42, 62.983
2020-08-27 08:54:57, 62.738
2020-08-27 08:55:12, 62.557
2020-08-27 08:55:27, 62.401
2020-08-27 08:55:42, 62.236
2020-08-27 08:55:57, 62.031
2020-08-27 08:56:12, 61.823
2020-08-27 08:56:27, 61.615
2020-08-27 08:56:42, 61.397
2020-08-27 08:56:57, 61.142
2020-08-27 08:57:12, 60.883
2020-08-27 08:57:27, 60.626
2020-08-27 08:57:42, 60.369
2020-08-27 08:57:57, 60.111
2020-08-27 08:58:12, 59.858
2020-08-27 08:58:27, 59.603
2020-08-27 08:58:42, 59.365
2020-08-27 08:58:57, 59.186
2020-08-27 08:59:12, 58.992
2020-08-27 08:59:27, 58.786
2020-08-27 08:59:42, 58.578
2020-08-27 08:59:57, 58.365
2020-08-27 09:00:12, 58.122
2020-08-27 09:00:27, 57.914
2020-08-27 09:00:42, 57.738
2020-08-27 09:00:57, 57.601
2020-08-27 09:01:12, 57.497
2020-08-27 09:01:27, 57.475
2020-08-27 09:01:42, 57.489
2020-08-27 09:01:57, 57.505
2020-08-27 09:02:12, 57.515
2020-08-27 09:02:27, 57.427
2020-08-27 09:02:42, 57.322
2020-08-27 09:02:57, 57.217
2020-08-27 09:03:12, 57.139
2020-08-27 09:03:27, 57.089
2020-08-27 09:03:42, 57.075
2020-08-27 09:03:57, 57.073
2020-08-27 09:04:12, 57.108
2020-08-27 09:04:27, 57.150
2020-08-27 09:04:42, 57.164
2020-08-27 09:04:57, 57.134
2020-08-27 09:05:12, 57.037
2020-08-27 09:05:27, 56.904
2020-08-27 09:05:42, 56.757
2020-08-27 09:05:57, 56.599
2020-08-27 09:06:12, 56.442
2020-08-27 09:06:27, 56.286
2020-08-27 09:06:42, 56.146
2020-08-27 09:06:57, 56.013
2020-08-27 09:07:12, 55.884
2020-08-27 09:07:27, 55.822
2020-08-27 09:07:42, 55.789
2020-08-27 09:07:57, 55.755
2020-08-27 09:08:12, 55.713
2020-08-27 09:08:27, 55.656
2020-08-27 09:08:42, 55.581
2020-08-27 09:08:57, 55.489
2020-08-27 09:09:12, 55.374
2020-08-27 09:09:27, 55.301
2020-08-27 09:09:42, 55.268
2020-08-27 09:09:57, 55.235
2020-08-27 09:10:12, 55.195
2020-08-27 09:10:27, 55.117
2020-08-27 09:10:42, 54.946
2020-08-27 09:10:57, 54.769
2020-08-27 09:11:12, 54.606
2020-08-27 09:11:27, 54.355
2020-08-27 09:11:42, 54.075
2020-08-27 09:11:57, 53.792
2020-08-27 09:12:12, 53.531
2020-08-27 09:12:27, 53.289
2020-08-27 09:12:42, 53.021
2020-08-27 09:12:57, 52.759
2020-08-27 09:13:12, 52.472
2020-08-27 09:13:27, 52.138
2020-08-27 09:13:42, 51.770
2020-08-27 09:13:57, 51.414
2020-08-27 09:14:12, 51.052
2020-08-27 09:14:27, 50.725
2020-08-27 09:14:42, 50.413
2020-08-27 09:14:57, 50.082
2020-08-27 09:15:12, 49.729
2020-08-27 09:15:27, 49.377
2020-08-27 09:15:42, 49.043
2020-08-27 09:15:57, 48.710
2020-08-27 09:16:12, 48.377
2020-08-27 09:16:27, 48.047
2020-08-27 09:16:42, 47.719
2020-08-27 09:16:57, 47.386
2020-08-27 09:17:12, 47.054
2020-08-27 09:17:27, 46.672
2020-08-27 09:17:42, 46.268
2020-08-27 09:17:57, 45.883
2020-08-27 09:18:12, 45.501
2020-08-27 09:18:27, 45.120
2020-08-27 09:18:42, 44.758
2020-08-27 09:18:57, 44.371
2020-08-27 09:19:12, 43.984
2020-08-27 09:19:27, 43.541
2020-08-27 09:19:42, 43.060
2020-08-27 09:19:57, 42.598
2020-08-27 09:20:12, 42.142
2020-08-27 09:20:27, 41.691
2020-08-27 09:20:42, 41.239
2020-08-27 09:20:57, 40.807
2020-08-27 09:21:12, 40.369
2020-08-27 09:21:27, 39.944
2020-08-27 09:21:42, 39.531
2020-08-27 09:21:57, 39.142
2020-08-27 09:22:12, 38.756
2020-08-27 09:22:27, 38.349
2020-08-27 09:22:42, 37.966
2020-08-27 09:22:57, 37.585
2020-08-27 09:23:12, 37.267
2020-08-27 09:23:27, 37.000
2020-08-27 09:23:42, 36.750
2020-08-27 09:23:57, 36.500
2020-08-27 09:24:12, 36.228
2020-08-27 09:24:27, 35.928
2020-08-27 09:24:42, 35.651
2020-08-27 09:24:57, 35.393
2020-08-27 09:25:12, 35.148
2020-08-27 09:25:27, 34.908
2020-08-27 09:25:42, 34.664
2020-08-27 09:25:57, 34.444
2020-08-27 09:26:12, 34.248
2020-08-27 09:26:27, 34.059
2020-08-27 09:26:42, 33.886
2020-08-27 09:26:57, 33.764
2020-08-27 09:27:12, 33.662
2020-08-27 09:27:27, 33.556
2020-08-27 09:27:42, 33.463
2020-08-27 09:27:57, 33.399
2020-08-27 09:28:12, 33.383
2020-08-27 09:28:27, 33.395
2020-08-27 09:28:42, 33.407
2020-08-27 09:28:57, 33.482
2020-08-27 09:29:12, 33.639
2020-08-27 09:29:27, 33.829
2020-08-27 09:29:42, 34.033
2020-08-27 09:29:57, 34.264
2020-08-27 09:30:12, 34.527
2020-08-27 09:30:27, 34.774
2020-08-27 09:30:42, 35.016
2020-08-27 09:30:57, 35.203
2020-08-27 09:31:12, 35.350
2020-08-27 09:31:27, 35.477
2020-08-27 09:31:42, 35.598
2020-08-27 09:31:57, 35.700
2020-08-27 09:32:12, 35.797
2020-08-27 09:32:27, 35.891
2020-08-27 09:32:42, 35.971
2020-08-27 09:32:57, 36.040
2020-08-27 09:33:12, 36.063
2020-08-27 09:33:27, 36.050
2020-08-27 09:33:42, 36.086
2020-08-27 09:33:57, 36.122
2020-08-27 09:34:12, 36.225
2020-08-27 09:34:27, 36.356
2020-08-27 09:34:42, 36.531
2020-08-27 09:34:57, 36.760
2020-08-27 09:35:12, 37.012
2020-08-27 09:35:27, 37.297
2020-08-27 09:35:42, 37.615
2020-08-27 09:35:57, 37.924
2020-08-27 09:36:12, 38.284
2020-08-27 09:36:27, 38.728
2020-08-27 09:36:42, 39.180
2020-08-27 09:36:57, 39.587
2020-08-27 09:37:12, 39.968
2020-08-27 09:37:27, 40.335
2020-08-27 09:37:42, 40.684
2020-08-27 09:37:57, 41.000
2020-08-27 09:38:12, 41.275
2020-08-27 09:38:27, 41.518
2020-08-27 09:38:42, 41.743
2020-08-27 09:38:57, 41.900
2020-08-27 09:39:12, 41.985
2020-08-27 09:39:27, 42.098
2020-08-27 09:39:42, 42.255
2020-08-27 09:39:57, 42.400
2020-08-27 09:40:12, 42.545
2020-08-27 09:40:27, 42.738
2020-08-27 09:40:42, 42.987
2020-08-27 09:40:57, 43.267
2020-08-27 09:41:12, 43.605
2020-08-27 09:41:27, 44.050
2020-08-27 09:41:42, 44.543
2020-08-27 09:41:57, 45.051
2020-08-27 09:42:12, 45.570
2020-08-27 09:42:27, 46.113
2020-08-27 09:42:42, 46.691
2020-08-27 09:42:57, 47.279
2020-08-27 09:43:12, 47.866
2020-08-27 09:43:27, 48.487
2020-08-27 09:43:42, 49.076
2020-08-27 09:43:57, 49.665
2020-08-27 09:44:12, 50.194
2020-08-27 09:44:27, 50.688
2020-08-27 09:44:42, 51.117
2020-08-27 09:44:57, 51.478
2020-08-27 09:45:12, 51.833
2020-08-27 09:45:27, 52.185
2020-08-27 09:45:42, 52.517
2020-08-27 09:45:57, 52.853
2020-08-27 09:46:12, 53.119
2020-08-27 09:46:27, 53.318
2020-08-27 09:46:42, 53.521
2020-08-27 09:46:57, 53.766
2020-08-27 09:47:12, 54.053
2020-08-27 09:47:27, 54.345
2020-08-27 09:47:42, 54.637
2020-08-27 09:47:57, 54.925
2020-08-27 09:48:12, 55.301
2020-08-27 09:48:27, 55.838
2020-08-27 09:48:42, 56.512
2020-08-27 09:48:57, 57.248
2020-08-27 09:49:12, 57.985
2020-08-27 09:49:27, 58.710
2020-08-27 09:49:42, 59.476
2020-08-27 09:49:57, 60.229
2020-08-27 09:50:12, 60.943
2020-08-27 09:50:27, 61.588
2020-08-27 09:50:42, 62.167
2020-08-27 09:50:57, 62.702
2020-08-27 09:51:12, 63.253
2020-08-27 09:51:27, 63.808
2020-08-27 09:51:42, 64.361
2020-08-27 09:51:57, 64.908
2020-08-27 09:52:12, 65.424
2020-08-27 09:52:27, 65.892
2020-08-27 09:52:42, 66.300
2020-08-27 09:52:57, 66.693
2020-08-27 09:53:12, 67.084
2020-08-27 09:53:27, 67.434
2020-08-27 09:53:42, 67.743
2020-08-27 09:53:57, 68.028
2020-08-27 09:54:12, 68.296
2020-08-27 09:54:27, 68.556
2020-08-27 09:54:42, 68.786
2020-08-27 09:54:57, 68.997
2020-08-27 09:55:12, 69.177
2020-08-27 09:55:27, 69.341
2020-08-27 09:55:42, 69.516
2020-08-27 09:55:57, 69.707
2020-08-27 09:56:12, 69.954
2020-08-27 09:56:27, 70.213
2020-08-27 09:56:42, 70.425
2020-08-27 09:56:57, 70.588
2020-08-27 09:57:12, 70.710
2020-08-27 09:57:27, 70.827
2020-08-27 09:57:42, 70.952
2020-08-27 09:57:57, 71.081
2020-08-27 09:58:12, 71.122
2020-08-27 09:58:27, 71.026
2020-08-27 09:58:42, 70.810
2020-08-27 09:58:57, 70.540
2020-08-27 09:59:12, 70.270
2020-08-27 09:59:27, 70.017
2020-08-27 09:59:42, 69.771
2020-08-27 09:59:57, 69.559
2020-08-27 10:00:12, 69.364
2020-08-27 10:00:27, 69.247
2020-08-27 10:00:42, 69.208
2020-08-27 10:00:57, 69.170
2020-08-27 10:01:12, 69.056
2020-08-27 10:01:27, 68.835
2020-08-27 10:01:42, 68.587
2020-08-27 10:01:57, 68.328
2020-08-27 10:02:12, 68.071
2020-08-27 10:02:27, 67.830
2020-08-27 10:02:42, 67.597
2020-08-27 10:02:57, 67.373
2020-08-27 10:03:12, 67.208
2020-08-27 10:03:27, 67.170
2020-08-27 10:03:42, 67.244
2020-08-27 10:03:57, 67.335
2020-08-27 10:04:12, 67.427
2020-08-27 10:04:27, 67.518
2020-08-27 10:04:42, 67.626
2020-08-27 10:04:57, 67.786
2020-08-27 10:05:12, 67.993
2020-08-27 10:05:27, 68.185
2020-08-27 10:05:42, 68.359
2020-08-27 10:05:57, 68.504
2020-08-27 10:06:12, 68.629
2020-08-27 10:06:27, 68.817
2020-08-27 10:06:42, 69.069
2020-08-27 10:06:57, 69.336
2020-08-27 10:07:12, 69.603
2020-08-27 10:07:27, 69.870
2020-08-27 10:07:42, 70.128
2020-08-27 10:07:57, 70.371
2020-08-27 10:08:12, 70.655
2020-08-27 10:08:27, 71.017
2020-08-27 10:08:42, 71.409
2020-08-27 10:08:57, 71.778
2020-08-27 10:09:12, 72.106
2020-08-27 10:09:27, 72.379
2020-08-27 10:09:42, 72.571
2020-08-27 10:09:57, 72.783
2020-08-27 10:10:12, 73.037
2020-08-27 10:10:27, 73.234
2020-08-27 10:10:42, 73.357
2020-08-27 10:10:57, 73.485
2020-08-27 10:11:12, 73.638
2020-08-27 10:11:27, 73.807
2020-08-27 10:11:42, 73.953
2020-08-27 10:11:57, 74.085
2020-08-27 10:12:12, 74.202
2020-08-27 10:12:27, 74.320
2020-08-27 10:12:42, 74.437
2020-08-27 10:12:57, 74.544
2020-08-27 10:13:12, 74.577
2020-08-27 10:13:27, 74.467
2020-08-27 10:13:42, 74.228
2020-08-27 10:13:57, 73.970
2020-08-27 10:14:12, 73.714
2020-08-27 10:14:27, 73.457
2020-08-27 10:14:42, 73.196
2020-08-27 10:14:57, 72.894
2020-08-27 10:15:12, 72.548
2020-08-27 10:15:27, 72.189
2020-08-27 10:15:42, 71.812
2020-08-27 10:15:57, 71.427
2020-08-27 10:16:12, 71.002
2020-08-27 10:16:27, 70.473
2020-08-27 10:16:42, 69.879
2020-08-27 10:16:57, 69.271
2020-08-27 10:17:12, 68.667
2020-08-27 10:17:27, 68.081
2020-08-27 10:17:42, 67.498
2020-08-27 10:17:57, 66.914
2020-08-27 10:18:12, 66.284
2020-08-27 10:18:27, 65.572
2020-08-27 10:18:42, 64.837
2020-08-27 10:18:57, 64.146
2020-08-27 10:19:12, 63.525
2020-08-27 10:19:27, 62.907
2020-08-27 10:19:42, 62.302
2020-08-27 10:19:57, 61.648
2020-08-27 10:20:12, 60.962
2020-08-27 10:20:27, 60.304
2020-08-27 10:20:42, 59.741
2020-08-27 10:20:57, 59.218
2020-08-27 10:21:12, 58.729
2020-08-27 10:21:27, 58.255
2020-08-27 10:21:42, 57.808
2020-08-27 10:21:57, 57.402
2020-08-27 10:22:12, 57.020
2020-08-27 10:22:27, 56.654
2020-08-27 10:22:42, 56.329
2020-08-27 10:22:57, 56.069
2020-08-27 10:23:12, 55.881
2020-08-27 10:23:27, 55.746
2020-08-27 10:23:42, 55.652
2020-08-27 10:23:57, 55.583
2020-08-27 10:24:12, 55.524
2020-08-27 10:24:27, 55.493
2020-08-27 10:24:42, 55.498
2020-08-27 10:24:57, 55.527
2020-08-27 10:25:12, 55.581
2020-08-27 10:25:27, 55.647
2020-08-27 10:25:42, 55.714
2020-08-27 10:25:57, 55.781
2020-08-27 10:26:12, 55.848
2020-08-27 10:26:27, 55.915
2020-08-27 10:26:42, 56.010
2020-08-27 10:26:57, 56.153
2020-08-27 10:27:12, 56.309
2020-08-27 10:27:27, 56.504
2020-08-27 10:27:42, 56.745
2020-08-27 10:27:57, 56.995
2020-08-27 10:28:12, 57.281
2020-08-27 10:28:27, 57.627
2020-08-27 10:28:42, 58.018
2020-08-27 10:28:57, 58.384
2020-08-27 10:29:12, 58.696
2020-08-27 10:29:27, 59.014
2020-08-27 10:29:42, 59.313
2020-08-27 10:29:57, 59.585
2020-08-27 10:30:12, 59.847
2020-08-27 10:30:27, 60.149
2020-08-27 10:30:42, 60.415
2020-08-27 10:30:57, 60.640
2020-08-27 10:31:12, 60.829
2020-08-27 10:31:27, 61.003
2020-08-27 10:31:42, 61.157
2020-08-27 10:31:57, 61.282
2020-08-27 10:32:12, 61.399
2020-08-27 10:32:27, 61.504
2020-08-27 10:32:42, 61.606
2020-08-27 10:32:57, 61.652
2020-08-27 10:33:12, 61.624
2020-08-27 10:33:27, 61.550
2020-08-27 10:33:42, 61.453
2020-08-27 10:33:57, 61.338
2020-08-27 10:34:12, 61.288
2020-08-27 10:34:27, 61.270
2020-08-27 10:34:42, 61.244
2020-08-27 10:34:57, 61.199
2020-08-27 10:35:12, 61.130
2020-08-27 10:35:27, 61.067
2020-08-27 10:35:42, 61.028
2020-08-27 10:35:57, 60.996
2020-08-27 10:36:12, 60.980
2020-08-27 10:36:27, 60.973
2020-08-27 10:36:42, 60.955
2020-08-27 10:36:57, 60.931
2020-08-27 10:37:12, 60.938
2020-08-27 10:37:27, 60.921
2020-08-27 10:37:42, 60.880
2020-08-27 10:37:57, 60.854
2020-08-27 10:38:12, 60.844
2020-08-27 10:38:27, 60.799
2020-08-27 10:38:42, 60.708
2020-08-27 10:38:57, 60.651
2020-08-27 10:39:12, 60.625
2020-08-27 10:39:27, 60.587
2020-08-27 10:39:42, 60.543
2020-08-27 10:39:57, 60.510
2020-08-27 10:40:12, 60.462
2020-08-27 10:40:27, 60.377
2020-08-27 10:40:42, 60.315
2020-08-27 10:40:57, 60.333
2020-08-27 10:41:12, 60.372
2020-08-27 10:41:27, 60.398
2020-08-27 10:41:42, 60.418
2020-08-27 10:41:57, 60.469
2020-08-27 10:42:12, 60.585
2020-08-27 10:42:27, 60.697
2020-08-27 10:42:42, 60.772
2020-08-27 10:42:57, 60.860
2020-08-27 10:43:12, 61.000
2020-08-27 10:43:27, 61.144
2020-08-27 10:43:42, 61.304
2020-08-27 10:43:57, 61.517
2020-08-27 10:44:12, 61.669
2020-08-27 10:44:27, 61.757
2020-08-27 10:44:42, 61.886
2020-08-27 10:44:57, 62.171
2020-08-27 10:45:12, 62.577
2020-08-27 10:45:27, 62.975
2020-08-27 10:45:42, 63.349
2020-08-27 10:45:57, 63.719
2020-08-27 10:46:12, 64.098
2020-08-27 10:46:27, 64.512
2020-08-27 10:46:42, 64.943
2020-08-27 10:46:57, 65.395
2020-08-27 10:47:12, 65.831
2020-08-27 10:47:27, 66.278
2020-08-27 10:47:42, 66.725
2020-08-27 10:47:57, 67.152
2020-08-27 10:48:12, 67.525
2020-08-27 10:48:27, 67.862
2020-08-27 10:48:42, 68.272
2020-08-27 10:48:57, 68.740
2020-08-27 10:49:12, 69.176
2020-08-27 10:49:27, 69.593
2020-08-27 10:49:42, 70.001
2020-08-27 10:49:57, 70.452
2020-08-27 10:50:12, 70.957
2020-08-27 10:50:27, 71.460
2020-08-27 10:50:42, 71.922
2020-08-27 10:50:57, 72.311
2020-08-27 10:51:12, 72.705
2020-08-27 10:51:27, 73.180
2020-08-27 10:51:42, 73.738
2020-08-27 10:51:57, 74.327
2020-08-27 10:52:12, 74.871
2020-08-27 10:52:27, 75.398
2020-08-27 10:52:42, 75.915
2020-08-27 10:52:57, 76.424
2020-08-27 10:53:12, 76.894
2020-08-27 10:53:27, 77.374
2020-08-27 10:53:42, 77.848
2020-08-27 10:53:57, 78.275
2020-08-27 10:54:12, 78.723
2020-08-27 10:54:27, 79.227
2020-08-27 10:54:42, 79.675
2020-08-27 10:54:57, 79.971
2020-08-27 10:55:12, 80.174
2020-08-27 10:55:27, 80.366
2020-08-27 10:55:42, 80.557
2020-08-27 10:55:57, 80.736
2020-08-27 10:56:12, 80.875
2020-08-27 10:56:27, 80.970
2020-08-27 10:56:42, 81.021
2020-08-27 10:56:57, 81.020
2020-08-27 10:57:12, 81.040
2020-08-27 10:57:27, 81.044
2020-08-27 10:57:42, 81.047
2020-08-27 10:57:57, 81.070
2020-08-27 10:58:12, 81.117
2020-08-27 10:58:27, 81.204
2020-08-27 10:58:42, 81.290
2020-08-27 10:58:57, 81.308
2020-08-27 10:59:12, 81.363
2020-08-27 10:59:27, 81.498
2020-08-27 10:59:42, 81.632
2020-08-27 10:59:57, 81.709
2020-08-27 11:00:12, 81.817
2020-08-27 11:00:27, 81.969
2020-08-27 11:00:42, 82.143
2020-08-27 11:00:57, 82.306
2020-08-27 11:01:12, 82.401
2020-08-27 11:01:27, 82.407
2020-08-27 11:01:42, 82.352
2020-08-27 11:01:57, 82.235
2020-08-27 11:02:12, 82.081
2020-08-27 11:02:27, 81.938
2020-08-27 11:02:42, 81.806
2020-08-27 11:02:57, 81.661
2020-08-27 11:03:12, 81.526
2020-08-27 11:03:27, 81.418
2020-08-27 11:03:42, 81.293
2020-08-27 11:03:57, 81.165
2020-08-27 11:04:12, 80.993
2020-08-27 11:04:27, 80.821
2020-08-27 11:04:42, 80.704
2020-08-27 11:04:57, 80.585
2020-08-27 11:05:12, 80.480
2020-08-27 11:05:27, 80.415
2020-08-27 11:05:42, 80.375
2020-08-27 11:05:57, 80.353
2020-08-27 11:06:12, 80.378
2020-08-27 11:06:27, 80.469
2020-08-27 11:06:42, 80.611
2020-08-27 11:06:57, 80.754
2020-08-27 11:07:12, 80.855
2020-08-27 11:07:27, 80.956
2020-08-27 11:07:42, 81.126
2020-08-27 11:07:57, 81.391
2020-08-27 11:08:12, 81.677
2020-08-27 11:08:27, 81.915
2020-08-27 11:08:42, 82.044
2020-08-27 11:08:57, 82.144
2020-08-27 11:09:12, 82.218
2020-08-27 11:09:27, 82.216
2020-08-27 11:09:42, 82.202
2020-08-27 11:09:57, 82.175
2020-08-27 11:10:12, 82.064
2020-08-27 11:10:27, 81.887
2020-08-27 11:10:42, 81.699
2020-08-27 11:10:57, 81.585
2020-08-27 11:11:12, 81.523
2020-08-27 11:11:27, 81.476
2020-08-27 11:11:42, 81.431
2020-08-27 11:11:57, 81.400
2020-08-27 11:12:12, 81.402
2020-08-27 11:12:27, 81.442
2020-08-27 11:12:42, 81.504
2020-08-27 11:12:57, 81.634
2020-08-27 11:13:12, 81.799
2020-08-27 11:13:27, 81.927
2020-08-27 11:13:42, 82.067
2020-08-27 11:13:57, 82.209
2020-08-27 11:14:12, 82.348
2020-08-27 11:14:27, 82.458
2020-08-27 11:14:42, 82.514
2020-08-27 11:14:57, 82.560
2020-08-27 11:15:12, 82.612
2020-08-27 11:15:27, 82.613
2020-08-27 11:15:42, 82.594
2020-08-27 11:15:57, 82.604
2020-08-27 11:16:12, 82.596
2020-08-27 11:16:27, 82.576
2020-08-27 11:16:42, 82.505
2020-08-27 11:16:57, 82.421
2020-08-27 11:17:12, 82.325
2020-08-27 11:17:27, 82.227
2020-08-27 11:17:42, 82.075
2020-08-27 11:17:57, 81.820
2020-08-27 11:18:12, 81.595
2020-08-27 11:18:27, 81.430
2020-08-27 11:18:42, 81.323
2020-08-27 11:18:57, 81.228
2020-08-27 11:19:12, 81.120
2020-08-27 11:19:27, 81.011
2020-08-27 11:19:42, 80.918
2020-08-27 11:19:57, 80.924
2020-08-27 11:20:12, 81.001
2020-08-27 11:20:27, 81.083
2020-08-27 11:20:42, 81.112
2020-08-27 11:20:57, 81.081
2020-08-27 11:21:12, 81.122
2020-08-27 11:21:27, 81.196
2020-08-27 11:21:42, 81.231
2020-08-27 11:21:57, 81.233
2020-08-27 11:22:12, 81.210
2020-08-27 11:22:27, 81.168
2020-08-27 11:22:42, 81.129
2020-08-27 11:22:57, 81.030
2020-08-27 11:23:12, 80.862
2020-08-27 11:23:27, 80.732
2020-08-27 11:23:42, 80.643
2020-08-27 11:23:57, 80.530
2020-08-27 11:24:12, 80.415
2020-08-27 11:24:27, 80.313
2020-08-27 11:24:42, 80.259
2020-08-27 11:24:57, 80.236
2020-08-27 11:25:12, 80.174
2020-08-27 11:25:27, 80.199
2020-08-27 11:25:42, 80.317
2020-08-27 11:25:57, 80.414
2020-08-27 11:26:12, 80.488
2020-08-27 11:26:27, 80.493
2020-08-27 11:26:42, 80.506
2020-08-27 11:26:57, 80.545
2020-08-27 11:27:12, 80.669
2020-08-27 11:27:27, 80.857
2020-08-27 11:27:42, 81.000
2020-08-27 11:27:57, 81.118
2020-08-27 11:28:12, 81.181
2020-08-27 11:28:27, 81.203
2020-08-27 11:28:42, 81.175
2020-08-27 11:28:57, 81.118
2020-08-27 11:29:12, 81.069
2020-08-27 11:29:27, 81.078
2020-08-27 11:29:42, 81.182
2020-08-27 11:29:57, 81.298
2020-08-27 11:30:12, 81.354
2020-08-27 11:30:27, 81.400
2020-08-27 11:30:42, 81.467
2020-08-27 11:30:57, 81.537
2020-08-27 11:31:12, 81.512
2020-08-27 11:31:27, 81.472
2020-08-27 11:31:42, 81.441
2020-08-27 11:31:57, 81.448
2020-08-27 11:32:12, 81.507
2020-08-27 11:32:27, 81.563
2020-08-27 11:32:42, 81.632
2020-08-27 11:32:57, 81.698
2020-08-27 11:33:12, 81.777
2020-08-27 11:33:27, 81.795
2020-08-27 11:33:42, 81.761
2020-08-27 11:33:57, 81.739
2020-08-27 11:34:12, 81.734
2020-08-27 11:34:27, 81.751
2020-08-27 11:34:42, 81.776
2020-08-27 11:34:57, 81.793
2020-08-27 11:35:12, 81.799
2020-08-27 11:35:27, 81.730
2020-08-27 11:35:42, 81.563
2020-08-27 11:35:57, 81.379
2020-08-27 11:36:12, 81.205
2020-08-27 11:36:27, 81.079
2020-08-27 11:36:42, 80.956
2020-08-27 11:36:57, 80.830
2020-08-27 11:37:12, 80.637
2020-08-27 11:37:27, 80.388
2020-08-27 11:37:42, 80.218
2020-08-27 11:37:57, 80.116
2020-08-27 11:38:12, 80.016
2020-08-27 11:38:27, 79.935
2020-08-27 11:38:42, 79.883
2020-08-27 11:38:57, 79.872
2020-08-27 11:39:12, 79.913
2020-08-27 11:39:27, 79.939
2020-08-27 11:39:42, 79.906
2020-08-27 11:39:57, 79.884
2020-08-27 11:40:12, 79.925
2020-08-27 11:40:27, 79.963
2020-08-27 11:40:42, 79.997
2020-08-27 11:40:57, 80.050
2020-08-27 11:41:12, 80.110
2020-08-27 11:41:27, 80.125
2020-08-27 11:41:42, 80.160
2020-08-27 11:41:57, 80.272
2020-08-27 11:42:12, 80.339
2020-08-27 11:42:27, 80.378
2020-08-27 11:42:42, 80.391
2020-08-27 11:42:57, 80.431
2020-08-27 11:43:12, 80.468
2020-08-27 11:43:27, 80.512
2020-08-27 11:43:42, 80.578
2020-08-27 11:43:57, 80.640
2020-08-27 11:44:12, 80.685
2020-08-27 11:44:27, 80.695
2020-08-27 11:44:42, 80.667
2020-08-27 11:44:57, 80.673
2020-08-27 11:45:12, 80.683
2020-08-27 11:45:27, 80.765
2020-08-27 11:45:42, 80.858
2020-08-27 11:45:57, 80.960
2020-08-27 11:46:12, 81.126
2020-08-27 11:46:27, 81.344
2020-08-27 11:46:42, 81.683
2020-08-27 11:46:57, 82.062
2020-08-27 11:47:12, 82.426
2020-08-27 11:47:27, 82.742
2020-08-27 11:47:42, 82.978
2020-08-27 11:47:57, 83.156
2020-08-27 11:48:12, 83.309
2020-08-27 11:48:27, 83.426
2020-08-27 11:48:42, 83.537
2020-08-27 11:48:57, 83.631
2020-08-27 11:49:12, 83.662
2020-08-27 11:49:27, 83.654
2020-08-27 11:49:42, 83.623
2020-08-27 11:49:57, 83.489
2020-08-27 11:50:12, 83.267
2020-08-27 11:50:27, 83.125
2020-08-27 11:50:42, 83.101
2020-08-27 11:50:57, 83.117
2020-08-27 11:51:12, 83.134
2020-08-27 11:51:27, 83.158
2020-08-27 11:51:42, 83.139
2020-08-27 11:51:57, 83.040
2020-08-27 11:52:12, 82.964
2020-08-27 11:52:27, 82.964
2020-08-27 11:52:42, 82.993
2020-08-27 11:52:57, 82.987
2020-08-27 11:53:12, 82.985
2020-08-27 11:53:27, 82.994
2020-08-27 11:53:42, 82.974
2020-08-27 11:53:57, 82.946
2020-08-27 11:54:12, 82.966
2020-08-27 11:54:27, 83.060
2020-08-27 11:54:42, 83.231
2020-08-27 11:54:57, 83.409
2020-08-27 11:55:12, 83.572
2020-08-27 11:55:27, 83.658
2020-08-27 11:55:42, 83.749
2020-08-27 11:55:57, 83.832
2020-08-27 11:56:12, 83.857
2020-08-27 11:56:27, 83.816
2020-08-27 11:56:42, 83.650
2020-08-27 11:56:57, 83.418
2020-08-27 11:57:12, 83.199
2020-08-27 11:57:27, 83.084
2020-08-27 11:57:42, 82.982
2020-08-27 11:57:57, 82.897
2020-08-27 11:58:12, 82.814
2020-08-27 11:58:27, 82.752
2020-08-27 11:58:42, 82.749
2020-08-27 11:58:57, 82.769
2020-08-27 11:59:12, 82.804
2020-08-27 11:59:27, 82.821
2020-08-27 11:59:42, 82.840
2020-08-27 11:59:57, 82.954
2020-08-27 12:00:12, 83.126
2020-08-27 12:00:27, 83.203
2020-08-27 12:00:42, 83.149
2020-08-27 12:00:57, 83.055
2020-08-27 12:01:12, 82.966
2020-08-27 12:01:27, 82.864
2020-08-27 12:01:42, 82.793
2020-08-27 12:01:57, 82.711
2020-08-27 12:02:12, 82.666
2020-08-27 12:02:27, 82.573
2020-08-27 12:02:42, 82.443
2020-08-27 12:02:57, 82.350
2020-08-27 12:03:12, 82.277
2020-08-27 12:03:27, 82.313
2020-08-27 12:03:42, 82.393
2020-08-27 12:03:57, 82.485
2020-08-27 12:04:12, 82.540
2020-08-27 12:04:27, 82.483
2020-08-27 12:04:42, 82.309
2020-08-27 12:04:57, 82.076
2020-08-27 12:05:12, 81.853
2020-08-27 12:05:27, 81.635
2020-08-27 12:05:42, 81.418
2020-08-27 12:05:57, 81.210
2020-08-27 12:06:12, 80.993
2020-08-27 12:06:27, 80.743
2020-08-27 12:06:42, 80.484
2020-08-27 12:06:57, 80.233
2020-08-27 12:07:12, 79.962
2020-08-27 12:07:27, 79.607
2020-08-27 12:07:42, 79.228
2020-08-27 12:07:57, 78.820
2020-08-27 12:08:12, 78.412
2020-08-27 12:08:27, 77.981
2020-08-27 12:08:42, 77.498
2020-08-27 12:08:57, 77.011
2020-08-27 12:09:12, 76.544
2020-08-27 12:09:27, 76.156
2020-08-27 12:09:42, 75.788
2020-08-27 12:09:57, 75.344
2020-08-27 12:10:12, 74.919
2020-08-27 12:10:27, 74.621
2020-08-27 12:10:42, 74.381
2020-08-27 12:10:57, 74.118
2020-08-27 12:11:12, 73.874
2020-08-27 12:11:27, 73.682
2020-08-27 12:11:42, 73.540
2020-08-27 12:11:57, 73.431
2020-08-27 12:12:12, 73.291
2020-08-27 12:12:27, 73.159
2020-08-27 12:12:42, 73.022
2020-08-27 12:12:57, 72.849
2020-08-27 12:13:12, 72.656
2020-08-27 12:13:27, 72.349
2020-08-27 12:13:42, 72.003
2020-08-27 12:13:57, 71.696
2020-08-27 12:14:12, 71.413
2020-08-27 12:14:27, 71.150
2020-08-27 12:14:42, 70.904
2020-08-27 12:14:57, 70.721
2020-08-27 12:15:12, 70.584
2020-08-27 12:15:27, 70.457
2020-08-27 12:15:42, 70.355
2020-08-27 12:15:57, 70.271
2020-08-27 12:16:12, 70.210
2020-08-27 12:16:27, 70.170
2020-08-27 12:16:42, 70.137
2020-08-27 12:16:57, 70.104
2020-08-27 12:17:12, 70.073
2020-08-27 12:17:27, 70.061
2020-08-27 12:17:42, 70.067
2020-08-27 12:17:57, 70.084
2020-08-27 12:18:12, 70.099
2020-08-27 12:18:27, 70.102
2020-08-27 12:18:42, 70.151
2020-08-27 12:18:57, 70.287
2020-08-27 12:19:12, 70.422
2020-08-27 12:19:27, 70.549
2020-08-27 12:19:42, 70.727
2020-08-27 12:19:57, 70.909
2020-08-27 12:20:12, 71.027
2020-08-27 12:20:27, 71.100
2020-08-27 12:20:42, 71.159
2020-08-27 12:20:57, 71.208
2020-08-27 12:21:12, 71.218
2020-08-27 12:21:27, 71.218
2020-08-27 12:21:42, 71.158
2020-08-27 12:21:57, 71.074
2020-08-27 12:22:12, 71.028
2020-08-27 12:22:27, 70.995
2020-08-27 12:22:42, 70.949
2020-08-27 12:22:57, 70.944
2020-08-27 12:23:12, 70.985
2020-08-27 12:23:27, 71.031
2020-08-27 12:23:42, 71.097
2020-08-27 12:23:57, 71.161
2020-08-27 12:24:12, 71.264
2020-08-27 12:24:27, 71.405
2020-08-27 12:24:42, 71.544
2020-08-27 12:24:57, 71.635
2020-08-27 12:25:12, 71.681
2020-08-27 12:25:27, 71.725
2020-08-27 12:25:42, 71.753
2020-08-27 12:25:57, 71.804
2020-08-27 12:26:12, 71.906
2020-08-27 12:26:27, 72.023
2020-08-27 12:26:42, 72.183
2020-08-27 12:26:57, 72.453
2020-08-27 12:27:12, 72.763
2020-08-27 12:27:27, 73.119
2020-08-27 12:27:42, 73.508
2020-08-27 12:27:57, 73.894
2020-08-27 12:28:12, 74.263
2020-08-27 12:28:27, 74.645
2020-08-27 12:28:42, 74.951
2020-08-27 12:28:57, 75.144
2020-08-27 12:29:12, 75.383
2020-08-27 12:29:27, 75.613
2020-08-27 12:29:42, 75.763
2020-08-27 12:29:57, 75.914
2020-08-27 12:30:12, 76.124
2020-08-27 12:30:27, 76.295
2020-08-27 12:30:42, 76.430
2020-08-27 12:30:57, 76.618
2020-08-27 12:31:12, 76.856
2020-08-27 12:31:27, 77.088
2020-08-27 12:31:42, 77.322
2020-08-27 12:31:57, 77.554
2020-08-27 12:32:12, 77.728
2020-08-27 12:32:27, 77.873
2020-08-27 12:32:42, 78.070
2020-08-27 12:32:57, 78.253
2020-08-27 12:33:12, 78.397
2020-08-27 12:33:27, 78.559
2020-08-27 12:33:42, 78.715
2020-08-27 12:33:57, 78.853
2020-08-27 12:34:12, 78.954
2020-08-27 12:34:27, 79.022
2020-08-27 12:34:42, 79.079
2020-08-27 12:34:57, 79.121
2020-08-27 12:35:12, 79.181
2020-08-27 12:35:27, 79.257
2020-08-27 12:35:42, 79.364
2020-08-27 12:35:57, 79.447
2020-08-27 12:36:12, 79.488
2020-08-27 12:36:27, 79.531
2020-08-27 12:36:42, 79.529
2020-08-27 12:36:57, 79.474
2020-08-27 12:37:12, 79.422
2020-08-27 12:37:27, 79.318
2020-08-27 12:37:42, 79.174
2020-08-27 12:37:57, 79.022
2020-08-27 12:38:12, 78.889
2020-08-27 12:38:27, 78.756
2020-08-27 12:38:42, 78.627
2020-08-27 12:38:57, 78.499
2020-08-27 12:39:12, 78.282
2020-08-27 12:39:27, 78.003
2020-08-27 12:39:42, 77.716
2020-08-27 12:39:57, 77.399
2020-08-27 12:40:12, 77.021
2020-08-27 12:40:27, 76.616
2020-08-27 12:40:42, 76.198
2020-08-27 12:40:57, 75.719
2020-08-27 12:41:12, 75.191
2020-08-27 12:41:27, 74.637
2020-08-27 12:41:42, 74.076
2020-08-27 12:41:57, 73.518
2020-08-27 12:42:12, 73.006
2020-08-27 12:42:27, 72.495
2020-08-27 12:42:42, 71.975
2020-08-27 12:42:57, 71.517
2020-08-27 12:43:12, 71.058
2020-08-27 12:43:27, 70.600
2020-08-27 12:43:42, 70.219
2020-08-27 12:43:57, 69.875
2020-08-27 12:44:12, 69.575
2020-08-27 12:44:27, 69.312
2020-08-27 12:44:42, 69.076
2020-08-27 12:44:57, 68.957
2020-08-27 12:45:12, 68.876
2020-08-27 12:45:27, 68.782
2020-08-27 12:45:42, 68.671
2020-08-27 12:45:57, 68.558
2020-08-27 12:46:12, 68.398
2020-08-27 12:46:27, 68.217
2020-08-27 12:46:42, 68.063
2020-08-27 12:46:57, 67.932
2020-08-27 12:47:12, 67.797
2020-08-27 12:47:27, 67.690
2020-08-27 12:47:42, 67.600
2020-08-27 12:47:57, 67.576
2020-08-27 12:48:12, 67.586
2020-08-27 12:48:27, 67.603
2020-08-27 12:48:42, 67.620
2020-08-27 12:48:57, 67.637
2020-08-27 12:49:12, 67.664
2020-08-27 12:49:27, 67.705
2020-08-27 12:49:42, 67.731
2020-08-27 12:49:57, 67.748
2020-08-27 12:50:12, 67.765
2020-08-27 12:50:27, 67.782
2020-08-27 12:50:42, 67.799
2020-08-27 12:50:57, 67.817
2020-08-27 12:51:12, 67.834
2020-08-27 12:51:27, 67.851
2020-08-27 12:51:42, 67.868
2020-08-27 12:51:57, 67.865
2020-08-27 12:52:12, 67.810
2020-08-27 12:52:27, 67.752
2020-08-27 12:52:42, 67.664
2020-08-27 12:52:57, 67.487
2020-08-27 12:53:12, 67.304
2020-08-27 12:53:27, 67.101
2020-08-27 12:53:42, 66.815
2020-08-27 12:53:57, 66.485
2020-08-27 12:54:12, 66.100
2020-08-27 12:54:27, 65.681
2020-08-27 12:54:42, 65.251
2020-08-27 12:54:57, 64.704
2020-08-27 12:55:12, 64.102
2020-08-27 12:55:27, 63.496
2020-08-27 12:55:42, 62.866
2020-08-27 12:55:57, 62.214
2020-08-27 12:56:12, 61.584
2020-08-27 12:56:27, 60.973
2020-08-27 12:56:42, 60.335
2020-08-27 12:56:57, 59.625
2020-08-27 12:57:12, 58.892
2020-08-27 12:57:27, 58.119
2020-08-27 12:57:42, 57.331
2020-08-27 12:57:57, 56.494
2020-08-27 12:58:12, 55.645
2020-08-27 12:58:27, 54.810
2020-08-27 12:58:42, 53.982
2020-08-27 12:58:57, 53.172
2020-08-27 12:59:12, 52.363
2020-08-27 12:59:27, 51.560
2020-08-27 12:59:42, 50.790
2020-08-27 12:59:57, 50.035
2020-08-27 13:00:12, 49.298
2020-08-27 13:00:27, 48.565
2020-08-27 13:00:42, 47.834
2020-08-27 13:00:57, 47.122
2020-08-27 13:01:12, 46.416
2020-08-27 13:01:27, 45.729
2020-08-27 13:01:42, 45.046
2020-08-27 13:01:57, 44.364
2020-08-27 13:02:12, 43.701
2020-08-27 13:02:27, 43.044
2020-08-27 13:02:42, 42.406
2020-08-27 13:02:57, 41.773
2020-08-27 13:03:12, 41.159
2020-08-27 13:03:27, 40.553
2020-08-27 13:03:42, 39.963
2020-08-27 13:03:57, 39.370
2020-08-27 13:04:12, 38.780
2020-08-27 13:04:27, 38.204
2020-08-27 13:04:42, 37.622
2020-08-27 13:04:57, 37.055
2020-08-27 13:05:12, 36.513
2020-08-27 13:05:27, 35.972
2020-08-27 13:05:42, 35.431
2020-08-27 13:05:57, 34.897
2020-08-27 13:06:12, 34.372
2020-08-27 13:06:27, 33.854
2020-08-27 13:06:42, 33.347
2020-08-27 13:06:57, 32.846
2020-08-27 13:07:12, 32.352
2020-08-27 13:07:27, 31.882
2020-08-27 13:07:42, 31.437
2020-08-27 13:07:57, 30.998
2020-08-27 13:08:12, 30.548
2020-08-27 13:08:27, 30.092
2020-08-27 13:08:42, 29.641
2020-08-27 13:08:57, 29.195
2020-08-27 13:09:12, 28.761
2020-08-27 13:09:27, 28.334
2020-08-27 13:09:42, 27.932
2020-08-27 13:09:57, 27.587
2020-08-27 13:10:12, 27.256
2020-08-27 13:10:27, 26.931
2020-08-27 13:10:42, 26.620
2020-08-27 13:10:57, 26.298
2020-08-27 13:11:12, 26.009
2020-08-27 13:11:27, 25.760
2020-08-27 13:11:42, 25.526
2020-08-27 13:11:57, 25.297
2020-08-27 13:12:12, 25.073
2020-08-27 13:12:27, 24.868
2020-08-27 13:12:42, 24.669
2020-08-27 13:12:57, 24.474
2020-08-27 13:13:12, 24.275
2020-08-27 13:13:27, 24.080
2020-08-27 13:13:42, 23.881
2020-08-27 13:13:57, 23.698
2020-08-27 13:14:12, 23.547
2020-08-27 13:14:27, 23.446
2020-08-27 13:14:42, 23.387
2020-08-27 13:14:57, 23.327
2020-08-27 13:15:12, 23.252
2020-08-27 13:15:27, 23.192
2020-08-27 13:15:42, 23.133
2020-08-27 13:15:57, 23.073
2020-08-27 13:16:12, 23.014
2020-08-27 13:16:27, 22.939
2020-08-27 13:16:42, 22.878
2020-08-27 13:16:57, 22.820
2020-08-27 13:17:12, 22.746
2020-08-27 13:17:27, 22.671
2020-08-27 13:17:42, 22.589
2020-08-27 13:17:57, 22.502
2020-08-27 13:18:12, 22.427
2020-08-27 13:18:27, 22.356
2020-08-27 13:18:42, 22.282
2020-08-27 13:18:57, 22.207
2020-08-27 13:19:12, 22.143
2020-08-27 13:19:27, 22.093
2020-08-27 13:19:42, 22.024
2020-08-27 13:19:57, 21.915
2020-08-27 13:20:12, 21.800
2020-08-27 13:20:27, 21.695
2020-08-27 13:20:42, 21.580
2020-08-27 13:20:57, 21.479
2020-08-27 13:21:12, 21.364
2020-08-27 13:21:27, 21.216
2020-08-27 13:21:42, 21.072
2020-08-27 13:21:57, 20.946
2020-08-27 13:22:12, 20.821
2020-08-27 13:22:27, 20.696
2020-08-27 13:22:42, 20.571
2020-08-27 13:22:57, 20.460
2020-08-27 13:23:12, 20.360
2020-08-27 13:23:27, 20.273
2020-08-27 13:23:42, 20.197
2020-08-27 13:23:57, 20.103
2020-08-27 13:24:12, 19.980
2020-08-27 13:24:27, 19.807
2020-08-27 13:24:42, 19.607
2020-08-27 13:24:57, 19.418
2020-08-27 13:25:12, 19.242
2020-08-27 13:25:27, 19.067
2020-08-27 13:25:42, 18.903
2020-08-27 13:25:57, 18.753
2020-08-27 13:26:12, 18.611
2020-08-27 13:26:27, 18.486
2020-08-27 13:26:42, 18.361
2020-08-27 13:26:57, 18.243
2020-08-27 13:27:12, 18.142
2020-08-27 13:27:27, 18.028
2020-08-27 13:27:42, 17.910
2020-08-27 13:27:57, 17.809
2020-08-27 13:28:12, 17.709
2020-08-27 13:28:27, 17.615
2020-08-27 13:28:42, 17.539
2020-08-27 13:28:57, 17.464
2020-08-27 13:29:12, 17.389
2020-08-27 13:29:27, 17.314
2020-08-27 13:29:42, 17.239
2020-08-27 13:29:57, 17.164
2020-08-27 13:30:12, 17.089
2020-08-27 13:30:27, 17.018
2020-08-27 13:30:42, 16.966
2020-08-27 13:30:57, 16.916
2020-08-27 13:31:12, 16.858
2020-08-27 13:31:27, 16.783
2020-08-27 13:31:42, 16.708
2020-08-27 13:31:57, 16.633
2020-08-27 13:32:12, 16.558
2020-08-27 13:32:27, 16.483
2020-08-27 13:32:42, 16.408
2020-08-27 13:32:57, 16.333
2020-08-27 13:33:12, 16.258
2020-08-27 13:33:27, 16.183
2020-08-27 13:33:42, 16.109
2020-08-27 13:33:57, 16.053
2020-08-27 13:34:12, 16.003
2020-08-27 13:34:27, 15.953
2020-08-27 13:34:42, 15.903
2020-08-27 13:34:57, 15.853
2020-08-27 13:35:12, 15.800
2020-08-27 13:35:27, 15.727
2020-08-27 13:35:42, 15.652
2020-08-27 13:35:57, 15.578
2020-08-27 13:36:12, 15.502
2020-08-27 13:36:27, 15.428
2020-08-27 13:36:42, 15.352
2020-08-27 13:36:57, 15.277
2020-08-27 13:37:12, 15.203
2020-08-27 13:37:27, 15.142
2020-08-27 13:37:42, 15.092
2020-08-27 13:37:57, 15.042
2020-08-27 13:38:12, 14.992
2020-08-27 13:38:27, 14.942
2020-08-27 13:38:42, 14.892
2020-08-27 13:38:57, 14.842
2020-08-27 13:39:12, 14.791
2020-08-27 13:39:27, 14.723
2020-08-27 13:39:42, 14.648
2020-08-27 13:39:57, 14.573
2020-08-27 13:40:12, 14.498
2020-08-27 13:40:27, 14.423
2020-08-27 13:40:42, 14.348
2020-08-27 13:40:57, 14.273
2020-08-27 13:41:12, 14.206
2020-08-27 13:41:27, 14.156
2020-08-27 13:41:42, 14.106
2020-08-27 13:41:57, 14.056
2020-08-27 13:42:12, 14.006
2020-08-27 13:42:27, 13.956
2020-08-27 13:42:42, 13.906
2020-08-27 13:42:57, 13.856
2020-08-27 13:43:12, 13.806
2020-08-27 13:43:27, 13.756
2020-08-27 13:43:42, 13.706
2020-08-27 13:43:57, 13.656
2020-08-27 13:44:12, 13.595
2020-08-27 13:44:27, 13.520
2020-08-27 13:44:42, 13.445
2020-08-27 13:44:57, 13.370
2020-08-27 13:45:12, 13.299
2020-08-27 13:45:27, 13.246
2020-08-27 13:45:42, 13.196
2020-08-27 13:45:57, 13.146
2020-08-27 13:46:12, 13.096
2020-08-27 13:46:27, 13.046
2020-08-27 13:46:42, 12.996
2020-08-27 13:46:57, 12.946
2020-08-27 13:47:12, 12.896
2020-08-27 13:47:27, 12.846
2020-08-27 13:47:42, 12.796
2020-08-27 13:47:57, 12.746
2020-08-27 13:48:12, 12.696
2020-08-27 13:48:27, 12.646
2020-08-27 13:48:42, 12.596
2020-08-27 13:48:57, 12.541
2020-08-27 13:49:12, 12.468
2020-08-27 13:49:27, 12.411
2020-08-27 13:49:42, 12.361
2020-08-27 13:49:57, 12.311
2020-08-27 13:50:12, 12.261
2020-08-27 13:50:27, 12.211
2020-08-27 13:50:42, 12.161
2020-08-27 13:50:57, 12.111
2020-08-27 13:51:12, 12.061
2020-08-27 13:51:27, 12.011
2020-08-27 13:51:42, 11.961
2020-08-27 13:51:57, 11.911
2020-08-27 13:52:12, 11.861
2020-08-27 13:52:27, 11.811
2020-08-27 13:52:42, 11.761
2020-08-27 13:52:57, 11.711
2020-08-27 13:53:12, 11.661
2020-08-27 13:53:27, 11.611
2020-08-27 13:53:42, 11.561
2020-08-27 13:53:57, 11.511
2020-08-27 13:54:12, 11.472
2020-08-27 13:54:27, 11.446
2020-08-27 13:54:42, 11.403
2020-08-27 13:54:57, 11.353
2020-08-27 13:55:12, 11.303
2020-08-27 13:55:27, 11.253
2020-08-27 13:55:42, 11.203
2020-08-27 13:55:57, 11.153
2020-08-27 13:56:12, 11.103
2020-08-27 13:56:27, 11.053
2020-08-27 13:56:42, 11.003
2020-08-27 13:56:57, 10.953
2020-08-27 13:57:12, 10.903
2020-08-27 13:57:27, 10.851
2020-08-27 13:57:42, 10.798
2020-08-27 13:57:57, 10.743
2020-08-27 13:58:12, 10.688
2020-08-27 13:58:27, 10.631
2020-08-27 13:58:42, 10.573
2020-08-27 13:58:57, 10.519
2020-08-27 13:59:12, 10.482
2020-08-27 13:59:27, 10.446
2020-08-27 13:59:42, 10.408
2020-08-27 13:59:57, 10.369
2020-08-27 14:00:12, 10.329
2020-08-27 14:00:27, 10.288
2020-08-27 14:00:42, 10.245
2020-08-27 14:00:57, 10.201
2020-08-27 14:01:12, 10.157
2020-08-27 14:01:27, 10.110
2020-08-27 14:01:42, 10.063
2020-08-27 14:01:57, 10.015
2020-08-27 14:02:12, 9.965
2020-08-27 14:02:27, 9.914
2020-08-27 14:02:42, 9.862
2020-08-27 14:02:57, 9.809
2020-08-27 14:03:12, 9.754
2020-08-27 14:03:27, 9.698
2020-08-27 14:03:42, 9.641
2020-08-27 14:03:57, 9.583
2020-08-27 14:04:12, 9.523
2020-08-27 14:04:27, 9.463
2020-08-27 14:04:42, 9.419
2020-08-27 14:04:57, 9.381
2020-08-27 14:05:12, 9.341
2020-08-27 14:05:27, 9.301
2020-08-27 14:05:42, 9.259
2020-08-27 14:05:57, 9.216
2020-08-27 14:06:12, 9.171
2020-08-27 14:06:27, 9.126
2020-08-27 14:06:42, 9.079
2020-08-27 14:06:57, 9.031
2020-08-27 14:07:12, 8.982
2020-08-27 14:07:27, 8.934
2020-08-27 14:07:42, 8.887
2020-08-27 14:07:57, 8.842
2020-08-27 14:08:12, 8.797
2020-08-27 14:08:27, 8.754
2020-08-27 14:08:42, 8.712
2020-08-27 14:08:57, 8.671
2020-08-27 14:09:12, 8.631
2020-08-27 14:09:27, 8.593
2020-08-27 14:09:42, 8.555
2020-08-27 14:09:57, 8.519
2020-08-27 14:10:12, 8.484
2020-08-27 14:10:27, 8.451
2020-08-27 14:10:42, 8.418
2020-08-27 14:10:57, 8.387
2020-08-27 14:11:12, 8.357
2020-08-27 14:11:27, 8.328
2020-08-27 14:11:42, 8.300
2020-08-27 14:11:57, 8.274
2020-08-27 14:12:12, 8.248
2020-08-27 14:12:27, 8.224
2020-08-27 14:12:42, 8.200
2020-08-27 14:12:57, 8.176
2020-08-27 14:13:12, 8.152
2020-08-27 14:13:27, 8.127
2020-08-27 14:13:42, 8.103
2020-08-27 14:13:57, 8.079
2020-08-27 14:14:12, 8.055
2020-08-27 14:14:27, 8.031
2020-08-27 14:14:42, 8.006
2020-08-27 14:14:57, 7.982
2020-08-27 14:15:12, 7.958
2020-08-27 14:15:27, 7.934
2020-08-27 14:15:42, 7.910
2020-08-27 14:15:57, 7.886
2020-08-27 14:16:12, 7.861
2020-08-27 14:16:27, 7.837
2020-08-27 14:16:42, 7.813
2020-08-27 14:16:57, 7.789
2020-08-27 14:17:12, 7.765
2020-08-27 14:17:27, 7.740
2020-08-27 14:17:42, 7.715
2020-08-27 14:17:57, 7.690
2020-08-27 14:18:12, 7.665
2020-08-27 14:18:27, 7.640
2020-08-27 14:18:42, 7.615
2020-08-27 14:18:57, 7.590
2020-08-27 14:19:12, 7.565
2020-08-27 14:19:27, 7.540
2020-08-27 14:19:42, 7.515
2020-08-27 14:19:57, 7.490
2020-08-27 14:20:12, 7.465
2020-08-27 14:20:27, 7.440
2020-08-27 14:20:42, 7.415
2020-08-27 14:20:57, 7.390
2020-08-27 14:21:12, 7.365
2020-08-27 14:21:27, 7.340
2020-08-27 14:21:42, 7.315
2020-08-27 14:21:57, 7.290
2020-08-27 14:22:12, 7.265
2020-08-27 14:22:27, 7.240
2020-08-27 14:22:42, 7.216
2020-08-27 14:22:57, 7.192
2020-08-27 14:23:12, 7.168
2020-08-27 14:23:27, 7.143
2020-08-27 14:23:42, 7.119
2020-08-27 14:23:57, 7.095
2020-08-27 14:24:12, 7.071
2020-08-27 14:24:27, 7.047
2020-08-27 14:24:42, 7.023
2020-08-27 14:24:57, 6.998
2020-08-27 14:25:12, 6.974
2020-08-27 14:25:27, 6.950
2020-08-27 14:25:42, 6.926
2020-08-27 14:25:57, 6.902
2020-08-27 14:26:12, 6.877
2020-08-27 14:26:27, 6.853
2020-08-27 14:26:42, 6.829
2020-08-27 14:26:57, 6.805
2020-08-27 14:27:12, 6.781
2020-08-27 14:27:27, 6.757
2020-08-27 14:27:42, 6.732
2020-08-27 14:27:57, 6.707
2020-08-27 14:28:12, 6.682
2020-08-27 14:28:27, 6.657
2020-08-27 14:28:42, 6.632
2020-08-27 14:28:57, 6.607
2020-08-27 14:29:12, 6.582
2020-08-27 14:29:27, 6.557
2020-08-27 14:29:42, 6.532
2020-08-27 14:29:57, 6.507
2020-08-27 14:30:12, 6.482
2020-08-27 14:30:27, 6.457
2020-08-27 14:30:42, 6.432
2020-08-27 14:30:57, 6.407
2020-08-27 14:31:12, 6.382
2020-08-27 14:31:27, 6.357
2020-08-27 14:31:42, 6.332
2020-08-27 14:31:57, 6.307
2020-08-27 14:32:12, 6.282
2020-08-27 14:32:27, 6.257
2020-08-27 14:32:42, 6.232
2020-08-27 14:32:57, 6.208
2020-08-27 14:33:12, 6.184
2020-08-27 14:33:27, 6.160
2020-08-27 14:33:42, 6.135
2020-08-27 14:33:57, 6.111
2020-08-27 14:34:12, 6.087
2020-08-27 14:34:27, 6.063
2020-08-27 14:34:42, 6.039
2020-08-27 14:34:57, 6.015
2020-08-27 14:35:12, 5.990
2020-08-27 14:35:27, 5.966
2020-08-27 14:35:42, 5.942
2020-08-27 14:35:57, 5.918
2020-08-27 14:36:12, 5.894
2020-08-27 14:36:27, 5.869
2020-08-27 14:36:42, 5.845
2020-08-27 14:36:57, 5.821
2020-08-27 14:37:12, 5.797
2020-08-27 14:37:27, 5.773
2020-08-27 14:37:42, 5.748
2020-08-27 14:37:57, 5.723
2020-08-27 14:38:12, 5.698
2020-08-27 14:38:27, 5.673
2020-08-27 14:38:42, 5.648
2020-08-27 14:38:57, 5.623
2020-08-27 14:39:12, 5.598
2020-08-27 14:39:27, 5.573
2020-08-27 14:39:42, 5.548
2020-08-27 14:39:57, 5.523
2020-08-27 14:40:12, 5.498
2020-08-27 14:40:27, 5.473
2020-08-27 14:40:42, 5.448
2020-08-27 14:40:57, 5.423
2020-08-27 14:41:12, 5.398
2020-08-27 14:41:27, 5.373
2020-08-27 14:41:42, 5.348
2020-08-27 14:41:57, 5.323
2020-08-27 14:42:12, 5.298
2020-08-27 14:42:27, 5.273
2020-08-27 14:42:42, 5.248
2020-08-27 14:42:57, 5.224
2020-08-27 14:43:12, 5.200
2020-08-27 14:43:27, 5.176
2020-08-27 14:43:42, 5.152
2020-08-27 14:43:57, 5.127
2020-08-27 14:44:12, 5.103
2020-08-27 14:44:27, 5.079
2020-08-27 14:44:42, 5.055
2020-08-27 14:44:57, 5.031
2020-08-27 14:45:12, 5.006
2020-08-27 14:45:27, 4.982
2020-08-27 14:45:42, 4.958
2020-08-27 14:45:57, 4.934
2020-08-27 14:46:12, 4.910
2020-08-27 14:46:27, 4.886
2020-08-27 14:46:42, 4.861
2020-08-27 14:46:57, 4.837
2020-08-27 14:47:12, 4.813
2020-08-27 14:47:27, 4.789
2020-08-27 14:47:42, 4.765
2020-08-27 14:47:57, 4.740
2020-08-27 14:48:12, 4.715
2020-08-27 14:48:27, 4.690
2020-08-27 14:48:42, 4.665
2020-08-27 14:48:57, 4.640
2020-08-27 14:49:12, 4.615
2020-08-27 14:49:27, 4.590
2020-08-27 14:49:42, 4.565
2020-08-27 14:49:57, 4.540
2020-08-27 14:50:12, 4.515
2020-08-27 14:50:27, 4.490
2020-08-27 14:50:42, 4.465
2020-08-27 14:50:57, 4.440
2020-08-27 14:51:12, 4.415
2020-08-27 14:51:27, 4.390
2020-08-27 14:51:42, 4.365
2020-08-27 14:51:57, 4.340
2020-08-27 14:52:12, 4.315
2020-08-27 14:52:27, 4.290
2020-08-27 14:52:42, 4.265
2020-08-27 14:52:57, 4.240
2020-08-27 14:53:12, 4.217
2020-08-27 14:53:27, 4.194
2020-08-27 14:53:42, 4.173
2020-08-27 14:53:57, 4.153
2020-08-27 14:54:12, 4.134
2020-08-27 14:54:27, 4.117
2020-08-27 14:54:42, 4.100
2020-08-27 14:54:57, 4.085
2020-08-27 14:55:12, 4.071
2020-08-27 14:55:27, 4.059
2020-08-27 14:55:42, 4.047
2020-08-27 14:55:57, 4.037
2020-08-27 14:56:12, 4.028
2020-08-27 14:56:27, 4.020
2020-08-27 14:56:42, 4.014
2020-08-27 14:56:57, 4.009
2020-08-27 14:57:12, 4.005
2020-08-27 14:57:27, 4.002
2020-08-27 14:57:42, 4.000
2020-08-27 14:57:57, 4.000
2020-08-27 14:58:12, 4.000
2020-08-27 14:58:27, 3.999
2020-08-27 14:58:42, 3.996
2020-08-27 14:58:57, 3.992
2020-08-27 14:59:12, 3.988
2020-08-27 14:59:27, 3.981
2020-08-27 14:59:42, 3.974
2020-08-27 14:59:57, 3.965
2020-08-27 15:00:12, 3.956
2020-08-27 15:00:27, 3.945
2020-08-27 15:00:42, 3.932
2020-08-27 15:00:57, 3.919
2020-08-27 15:01:12, 3.904
2020-08-27 15:01:27, 3.888
2020-08-27 15:01:42, 3.871
2020-08-27 15:01:57, 3.852
2020-08-27 15:02:12, 3.833
2020-08-27 15:02:27, 3.812
2020-08-27 15:02:42, 3.790
2020-08-27 15:02:57, 3.766
2020-08-27 15:03:12, 3.742
2020-08-27 15:03:27, 3.717
2020-08-27 15:03:42, 3.692
2020-08-27 15:03:57, 3.667
2020-08-27 15:04:12, 3.642
2020-08-27 15:04:27, 3.617
2020-08-27 15:04:42, 3.592
2020-08-27 15:04:57, 3.567
2020-08-27 15:05:12, 3.542
2020-08-27 15:05:27, 3.517
2020-08-27 15:05:42, 3.492
2020-08-27 15:05:57, 3.467
2020-08-27 15:06:12, 3.442
2020-08-27 15:06:27, 3.417
2020-08-27 15:06:42, 3.392
2020-08-27 15:06:57, 3.367
2020-08-27 15:07:12, 3.342
2020-08-27 15:07:27, 3.317
2020-08-27 15:07:42, 3.292
2020-08-27 15:07:57, 3.267
2020-08-27 15:08:12, 3.242
2020-08-27 15:08:27, 3.218
2020-08-27 15:08:42, 3.196
2020-08-27 15:08:57, 3.174
2020-08-27 15:09:12, 3.154
2020-08-27 15:09:27, 3.135
2020-08-27 15:09:42, 3.118
2020-08-27 15:09:57, 3.101
2020-08-27 15:10:12, 3.086
2020-08-27 15:10:27, 3.072
2020-08-27 15:10:42, 3.059
2020-08-27 15:10:57, 3.048
2020-08-27 15:11:12, 3.038
2020-08-27 15:11:27, 3.029
2020-08-27 15:11:42, 3.021
2020-08-27 15:11:57, 3.014
2020-08-27 15:12:12, 3.009
2020-08-27 15:12:27, 3.005
2020-08-27 15:12:42, 3.002
2020-08-27 15:12:57, 3.000
2020-08-27 15:13:12, 3.000
2020-08-27 15:13:27, 3.000
2020-08-27 15:13:42, 3.000
2020-08-27 15:13:57, 3.000
2020-08-27 15:14:12, 3.000
2020-08-27 15:14:27, 3.000
2020-08-27 15:14:42, 3.000
2020-08-27 15:14:57, 3.000
2020-08-27 15:15:12, 3.000
2020-08-27 15:15:27, 3.000
2020-08-27 15:15:42, 3.000
2020-08-27 15:15:57, 3.000
2020-08-27 15:16:12, 3.000
2020-08-27 15:16:27, 3.000
2020-08-27 15:16:42, 3.000
2020-08-27 15:16:57, 3.000
2020-08-27 15:17:12, 3.000
2020-08-27 15:17:27, 3.000
2020-08-27 15:17:42, 3.000
2020-08-27 15:17:57, 3.000
2020-08-27 15:18:12, 3.000
2020-08-27 15:18:27, 3.000
2020-08-27 15:18:42, 2.999
2020-08-27 15:18:57, 2.997
2020-08-27 15:19:12, 2.994
2020-08-27 15:19:27, 2.989
2020-08-27 15:19:42, 2.984
2020-08-27 15:19:57, 2.977
2020-08-27 15:20:12, 2.968
2020-08-27 15:20:27, 2.959
2020-08-27 15:20:42, 2.948
2020-08-27 15:20:57, 2.936
2020-08-27 15:21:12, 2.923
2020-08-27 15:21:27, 2.909
2020-08-27 15:21:42, 2.893
2020-08-27 15:21:57, 2.877
2020-08-27 15:22:12, 2.859
2020-08-27 15:22:27, 2.839
2020-08-27 15:22:42, 2.819
2020-08-27 15:22:57, 2.797
2020-08-27 15:23:12, 2.774
2020-08-27 15:23:27, 2.750
2020-08-27 15:23:42, 2.725
2020-08-27 15:23:57, 2.700
2020-08-27 15:24:12, 2.675
2020-08-27 15:24:27, 2.650
2020-08-27 15:24:42, 2.625
2020-08-27 15:24:57, 2.600
2020-08-27 15:25:12, 2.575
2020-08-27 15:25:27, 2.550
2020-08-27 15:25:42, 2.525
2020-08-27 15:25:57, 2.500
2020-08-27 15:26:12, 2.475
2020-08-27 15:26:27, 2.450
2020-08-27 15:26:42, 2.425
2020-08-27 15:26:57, 2.400
2020-08-27 15:27:12, 2.375
2020-08-27 15:27:27, 2.350
2020-08-27 15:27:42, 2.325
2020-08-27 15:27:57, 2.300
2020-08-27 15:28:12, 2.275
2020-08-27 15:28:27, 2.250
2020-08-27 15:28:42, 2.226
2020-08-27 15:28:57, 2.203
2020-08-27 15:29:12, 2.181
2020-08-27 15:29:27, 2.161
2020-08-27 15:29:42, 2.141
2020-08-27 15:29:57, 2.123
2020-08-27 15:30:12, 2.107
2020-08-27 15:30:27, 2.091
2020-08-27 15:30:42, 2.077
2020-08-27 15:30:57, 2.064
2020-08-27 15:31:12, 2.052
2020-08-27 15:31:27, 2.041
2020-08-27 15:31:42, 2.032
2020-08-27 15:31:57, 2.023
2020-08-27 15:32:12, 2.016
2020-08-27 15:32:27, 2.011
2020-08-27 15:32:42, 2.006
2020-08-27 15:32:57, 2.003
2020-08-27 15:33:12, 2.001
2020-08-27 15:33:27, 2.000
2020-08-27 15:33:42, 2.000
2020-08-27 15:33:57, 2.000
2020-08-27 15:34:12, 2.000
2020-08-27 15:34:27, 2.000
2020-08-27 15:34:42, 2.000
2020-08-27 15:34:57, 2.000
2020-08-27 15:35:12, 2.000
2020-08-27 15:35:27, 2.000
2020-08-27 15:35:42, 2.000
2020-08-27 15:35:57, 2.000
2020-08-27 15:36:12, 2.000
2020-08-27 15:36:27, 2.000
2020-08-27 15:36:42, 2.000
2020-08-27 15:36:57, 2.000
2020-08-27 15:37:12, 2.000
2020-08-27 15:37:27, 2.000
2020-08-27 15:37:42, 2.000
2020-08-27 15:37:57, 2.000
2020-08-27 15:38:12, 2.000
2020-08-27 15:38:27, 2.000
2020-08-27 15:38:42, 2.000
2020-08-27 15:38:57, 2.000
2020-08-27 15:39:12, 2.000
2020-08-27 15:39:27, 2.000
2020-08-27 15:39:42, 2.000
2020-08-27 15:39:57, 2.000
2020-08-27 15:40:12, 2.000
2020-08-27 15:40:27, 2.000
2020-08-27 15:40:42, 2.000
2020-08-27 15:40:57, 2.000
2020-08-27 15:41:12, 2.000
2020-08-27 15:41:27, 2.000
2020-08-27 15:41:42, 2.000
2020-08-27 15:41:57, 2.000
2020-08-27 15:42:12, 2.000
2020-08-27 15:42:27, 2.000
2020-08-27 15:42:42, 2.000
2020-08-27 15:42:57, 2.000
2020-08-27 15:43:12, 2.000
2020-08-27 15:43:27, 2.000
2020-08-27 15:43:42, 2.000
2020-08-27 15:43:57, 2.000
2020-08-27 15:44:12, 2.000
2020-08-27 15:44:27, 2.000
2020-08-27 15:44:42, 2.000
2020-08-27 15:44:57, 2.000
2020-08-27 15:45:12, 2.000
2020-08-27 15:45:27, 2.000
2020-08-27 15:45:42, 2.000
2020-08-27 15:45:57, 2.000
2020-08-27 15:46:12, 2.000
2020-08-27 15:46:27, 2.000
2020-08-27 15:46:42, 2.000
2020-08-27 15:46:57, 2.000
2020-08-27 15:47:12, 2.000
2020-08-27 15:47:27, 2.000
2020-08-27 15:47:42, 2.000
2020-08-27 15:47:57, 2.000
2020-08-27 15:48:12, 2.000
2020-08-27 15:48:27, 2.000
2020-08-27 15:48:42, 2.000
2020-08-27 15:48:57, 2.000
2020-08-27 15:49:12, 1.999
2020-08-27 15:49:27, 1.997
2020-08-27 15:49:42, 1.994
2020-08-27 15:49:57, 1.989
2020-08-27 15:50:12, 1.984
2020-08-27 15:50:27, 1.977
2020-08-27 15:50:42, 1.968
2020-08-27 15:50:57, 1.959
2020-08-27 15:51:12, 1.948
2020-08-27 15:51:27, 1.936
2020-08-27 15:51:42, 1.923
2020-08-27 15:51:57, 1.909
2020-08-27 15:52:12, 1.893
2020-08-27 15:52:27, 1.877
2020-08-27 15:52:42, 1.859
2020-08-27 15:52:57, 1.839
2020-08-27 15:53:12, 1.819
2020-08-27 15:53:27, 1.797
2020-08-27 15:53:42, 1.774
2020-08-27 15:53:57, 1.750
2020-08-27 15:54:12, 1.725
2020-08-27 15:54:27, 1.700
2020-08-27 15:54:42, 1.675
2020-08-27 15:54:57, 1.650
2020-08-27 15:55:12, 1.625
2020-08-27 15:55:27, 1.600
2020-08-27 15:55:42, 1.575
2020-08-27 15:55:57, 1.550
2020-08-27 15:56:12, 1.525
2020-08-27 15:56:27, 1.500
2020-08-27 15:56:42, 1.475
2020-08-27 15:56:57, 1.450
2020-08-27 15:57:12, 1.425
2020-08-27 15:57:27, 1.400
2020-08-27 15:57:42, 1.375
2020-08-27 15:57:57, 1.350
2020-08-27 15:58:12, 1.325
2020-08-27 15:58:27, 1.300
2020-08-27 15:58:42, 1.275
2020-08-27 15:58:57, 1.250
2020-08-27 15:59:12, 1.226
2020-08-27 15:59:27, 1.203
2020-08-27 15:59:42, 1.181
2020-08-27 15:59:57, 1.161
2020-08-27 16:00:12, 1.141
2020-08-27 16:00:27, 1.123
2020-08-27 16:00:42, 1.107
2020-08-27 16:00:57, 1.091
2020-08-27 16:01:12, 1.077
2020-08-27 16:01:27, 1.064
2020-08-27 16:01:42, 1.052
2020-08-27 16:01:57, 1.041
2020-08-27 16:02:12, 1.032
2020-08-27 16:02:27, 1.023
2020-08-27 16:02:42, 1.016
2020-08-27 16:02:57, 1.011
2020-08-27 16:03:12, 1.006
2020-08-27 16:03:27, 1.003
2020-08-27 16:03:42, 1.001
2020-08-27 16:03:57, 1.000
2020-08-27 16:04:12, 1.000
2020-08-27 16:04:27, 1.000
2020-08-27 16:04:42, 1.000
2020-08-27 16:04:57, 1.000
2020-08-27 16:05:12, 1.000
2020-08-27 16:05:27, 1.000
2020-08-27 16:05:42, 1.000
2020-08-27 16:05:57, 1.000
2020-08-27 16:06:12, 1.000
2020-08-27 16:06:27, 1.000
2020-08-27 16:06:42, 1.000
2020-08-27 16:06:57, 1.000
2020-08-27 16:07:12, 1.000
2020-08-27 16:07:27, 1.000
2020-08-27 16:07:42, 1.000
2020-08-27 16:07:57, 1.000
2020-08-27 16:08:12, 1.000
2020-08-27 16:08:27, 1.000
2020-08-27 16:08:42, 1.000
2020-08-27 16:08:57, 1.000
2020-08-27 16:09:12, 1.000
2020-08-27 16:09:27, 1.000
2020-08-27 16:09:42, 1.000
2020-08-27 16:09:57, 1.000
2020-08-27 16:10:12, 1.000
2020-08-27 16:10:27, 1.000
2020-08-27 16:10:42, 1.000
2020-08-27 16:10:57, 1.000
2020-08-27 16:11:12, 1.000
2020-08-27 16:11:27, 1.000
2020-08-27 16:11:42, 1.000
2020-08-27 16:11:57, 1.000
2020-08-27 16:12:12, 1.000
2020-08-27 16:12:27, 1.000
2020-08-27 16:12:42, 1.000
2020-08-27 16:12:57, 1.000
2020-08-27 16:13:12, 1.000
2020-08-27 16:13:27, 1.000
2020-08-27 16:13:42, 1.000
2020-08-27 16:13:57, 1.000
2020-08-27 16:14:12, 1.000
2020-08-27 16:14:27, 1.000
2020-08-27 16:14:42, 1.000
2020-08-27 16:14:57, 1.000
2020-08-27 16:15:12, 1.000
2020-08-27 16:15:27, 1.000
2020-08-27 16:15:42, 1.000
2020-08-27 16:15:57, 1.000
2020-08-27 16:16:12, 1.000
2020-08-27 16:16:27, 1.000
2020-08-27 16:16:42, 1.000
2020-08-27 16:16:57, 1.000
2020-08-27 16:17:12, 1.000
2020-08-27 16:17:27, 1.000
2020-08-27 16:17:42, 1.000
2020-08-27 16:17:57, 1.000
2020-08-27 16:18:12, 1.000
2020-08-27 16:18:27, 1.000
2020-08-27 16:18:42, 1.000
2020-08-27 16:18:57, 1.000
2020-08-27 16:19:12, 1.000
2020-08-27 16:19:27, 1.000
2020-08-27 16:19:42, 1.000
2020-08-27 16:19:57, 1.000
2020-08-27 16:20:12, 1.000
2020-08-27 16:20:27, 1.000
2020-08-27 16:20:42, 1.000
2020-08-27 16:20:57, 1.000
2020-08-27 16:21:12, 1.000
2020-08-27 16:21:27, 1.000
2020-08-27 16:21:42, 1.000
2020-08-27 16:21:57, 1.000
2020-08-27 16:22:12, 1.000
2020-08-27 16:22:27, 1.000
2020-08-27 16:22:42, 1.000
2020-08-27 16:22:57, 1.000
2020-08-27 16:23:12, 1.000
2020-08-27 16:23:27, 1.000
2020-08-27 16:23:42, 1.000
2020-08-27 16:23:57, 1.000
2020-08-27 16:24:12, 1.000
2020-08-27 16:24:27, 1.000
2020-08-27 16:24:42, 1.000
2020-08-27 16:24:57, 1.000
2020-08-27 16:25:12, 1.000
2020-08-27 16:25:27, 1.000
2020-08-27 16:25:42, 1.000
2020-08-27 16:25:57, 1.000
2020-08-27 16:26:12, 1.000
2020-08-27 16:26:27, 1.000
2020-08-27 16:26:42, 1.000
2020-08-27 16:26:57, 1.000
2020-08-27 16:27:12, 1.000
2020-08-27 16:27:27, 1.000
2020-08-27 16:27:42, 1.000
2020-08-27 16:27:57, 1.000
2020-08-27 16:28:12, 1.000
2020-08-27 16:28:27, 1.000
2020-08-27 16:28:42, 1.000
2020-08-27 16:28:57, 1.000
2020-08-27 16:29:12, 1.000
2020-08-27 16:29:27, 1.000
2020-08-27 16:29:42, 1.000
2020-08-27 16:29:57, 1.000
2020-08-27 16:30:12, 1.000
2020-08-27 16:30:27, 1.000
2020-08-27 16:30:42, 1.000
2020-08-27 16:30:57, 1.000
2020-08-27 16:31:12, 1.000
2020-08-27 16:31:27, 1.000
2020-08-27 16:31:42, 1.000
2020-08-27 16:31:57, 1.000
2020-08-27 16:32:12, 1.000
2020-08-27 16:32:27, 1.000
2020-08-27 16:32:42, 1.000
2020-08-27 16:32:57, 1.000
2020-08-27 16:33:12, 1.000
2020-08-27 16:33:27, 1.000
2020-08-27 16:33:42, 1.000
2020-08-27 16:33:57, 1.000
2020-08-27 16:34:12, 1.000
2020-08-27 16:34:27, 1.000
2020-08-27 16:34:42, 1.000
2020-08-27 16:34:57, 1.000
2020-08-27 16:35:12, 1.000
2020-08-27 16:35:27, 1.000
2020-08-27 16:35:42, 1.000
2020-08-27 16:35:57, 1.000
2020-08-27 16:36:12, 1.000
2020-08-27 16:36:27, 1.000
2020-08-27 16:36:42, 1.000
2020-08-27 16:36:57, 1.000
2020-08-27 16:37:12, 1.000
2020-08-27 16:37:27, 1.000
2020-08-27 16:37:42, 1.000
2020-08-27 16:37:57, 1.000
2020-08-27 16:38:12, 1.000
2020-08-27 16:38:27, 1.000
2020-08-27 16:38:42, 1.000
2020-08-27 16:38:57, 1.000
2020-08-27 16:39:12, 1.000
2020-08-27 16:39:27, 1.000
2020-08-27 16:39:42, 1.000
2020-08-27 16:39:57, 1.000
2020-08-27 16:40:12, 0.998
2020-08-27 16:40:27, 0.995
2020-08-27 16:40:42, 0.991
2020-08-27 16:40:57, 0.986
2020-08-27 16:41:12, 0.979
2020-08-27 16:41:27, 0.971
2020-08-27 16:41:42, 0.962
2020-08-27 16:41:57, 0.952
2020-08-27 16:42:12, 0.941
2020-08-27 16:42:27, 0.928
2020-08-27 16:42:42, 0.914
2020-08-27 16:42:57, 0.899
2020-08-27 16:43:12, 0.883
2020-08-27 16:43:27, 0.865
2020-08-27 16:43:42, 0.846
2020-08-27 16:43:57, 0.826
2020-08-27 16:44:12, 0.805
2020-08-27 16:44:27, 0.783
2020-08-27 16:44:42, 0.759
2020-08-27 16:44:57, 0.734
2020-08-27 16:45:12, 0.709
2020-08-27 16:45:27, 0.684
2020-08-27 16:45:42, 0.659
2020-08-27 16:45:57, 0.634
2020-08-27 16:46:12, 0.609
2020-08-27 16:46:27, 0.584
2020-08-27 16:46:42, 0.559
2020-08-27 16:46:57, 0.534
2020-08-27 16:47:12, 0.509
2020-08-27 16:47:27, 0.484
2020-08-27 16:47:42, 0.459
2020-08-27 16:47:57, 0.434
2020-08-27 16:48:12, 0.409
2020-08-27 16:48:27, 0.384
2020-08-27 16:48:42, 0.359
2020-08-27 16:48:57, 0.334
2020-08-27 16:49:12, 0.309
2020-08-27 16:49:27, 0.284
2020-08-27 16:49:42, 0.259
2020-08-27 16:49:57, 0.235
2020-08-27 16:50:12, 0.211
2020-08-27 16:50:27, 0.189
2020-08-27 16:50:42, 0.168
2020-08-27 16:50:57, 0.148
2020-08-27 16:51:12, 0.130
2020-08-27 16:51:27, 0.113
2020-08-27 16:51:42, 0.097
2020-08-27 16:51:57, 0.082
2020-08-27 16:52:12, 0.068
2020-08-27 16:52:27, 0.056
2020-08-27 16:52:42, 0.045
2020-08-27 16:52:57, 0.035
2020-08-27 16:53:12, 0.026
2020-08-27 16:53:27, 0.019
2020-08-27 16:53:42, 0.013
2020-08-27 16:53:57, 0.008
2020-08-27 16:54:12, 0.004
2020-08-27 16:54:27, 0.002
2020-08-27 16:54:42, 0.000
2020-08-27 16:54:57, 0.000
2020-08-27 16:54:59, 0.000
2020-08-27 16:54:59, 0.000
2020-08-27 16:54:59, 0.000
2020-08-27 16:54:59, 0.000
2020-08-27 16:54:59, 0.000
2020-08-27 16:54:59, 0.000
2020-08-27 16:54:59, 0.000
2020-08-27 16:54:59, 0.000
2020-08-27 16:54:59, 0.000
2020-08-27 16:54:59, 0.000
2020-08-27 16:54:59, 0.000
2020-08-27 16:54:59, 0.000
2020-08-27 16:54:59, 0.000
2020-08-27 16:54:59, 0.000
2020-08-27 16:54:59, 0.000
2020-08-27 16:54:59, 0.000
2020-08-27 16:54:59, 0.000
2020-08-27 16:54:59, 0.000
2020-08-27 16:54:59, 0.000
2020-08-27 16:54:59, 0.000
2020-08-27 16:54:59, 0.000
2020-08-27 16:54:59, 0.000
2020-08-27 16:54:59, 0.000
2020-08-27 16:54:59, 0.000
2020-08-27 16:54:59, 0.000
2020-08-27 16:54:59, 0.000
2020-08-27 16:54:59, 0.000
2020-08-27 16:54:59, 0.000
2020-08-27 16:54:59, 0.000
2020-08-27 16:54:59, 0.000
2020-08-27 16:54:59, 0.000
2020-08-27 16:54:59, 0.000
2020-08-27 16:54:59, 0.000
2020-08-27 16:54:59, 0.000
2020-08-27 16:54:59, 0.000
2020-08-27 16:54:59, 0.000
2020-08-27 16:54:59, 0.000
2020-08-27 16:54:59, 0.000
2020-08-27 16:54:59, 0.000
2020-08-27 16:54:59, 0.000
